宋PLUS新能源,上海,5910,SUV,15.48,21.88
唐新能源,上海,2325,SUV,20.98,34.28
宋Pro新能源,上海,2126,SUV,14.08,16.58
元PLUS,北京,1987,SUV,13.98,16.78
汉,上海,1932,中大型车,21.78,33.18
宋PLUS新能源,西安,1755,SUV,15.48,21.88
宋PLUS新能源,深圳,1688,SUV,15.48,21.88
宋PLUS新能源,天津,1491,SUV,15.48,21.88
宋PLUS新能源,杭州,1358,SUV,15.48,21.88
汉,深圳,1271,中大型车,21.78,33.18
唐新能源,深圳,1229,SUV,20.98,34.28
宋PLUS新能源,重庆,1214,SUV,15.48,21.88
秦PLUS,上海,1199,紧凑型车,11.38,17.88
海豚,上海,1191,小型车,11.68,13.68
宋Pro新能源,深圳,1087,SUV,14.08,16.58
宋PLUS新能源,广州,1082,SUV,15.48,21.88
宋PLUS新能源,成都,1061,SUV,15.48,21.88
宋PLUS新能源,武汉,1041,SUV,15.48,21.88
海豹,上海,988,中型车,21.28,28.98
宋PLUS新能源,郑州,967,SUV,15.48,21.88
元PLUS,上海,966,SUV,13.98,16.78
海豚,天津,952,小型车,11.68,13.68
比亚迪e6,深圳,916,MPV,0.00,0.00
秦PLUS,深圳,769,紧凑型车,11.38,17.88
秦PLUS,天津,739,紧凑型车,11.38,17.88
海豚,杭州,731,小型车,11.68,13.68
元PLUS,深圳,689,SUV,13.98,16.78
海豚,深圳,683,小型车,11.68,13.68
宋PLUS新能源,北京,657,SUV,15.48,21.88
宋PLUS新能源,长沙,653,SUV,15.48,21.88
汉,杭州,647,中大型车,21.78,33.18
唐新能源,西安,641,SUV,20.98,34.28
宋PLUS新能源,苏州,631,SUV,15.48,21.88
海豚,重庆,614,小型车,11.68,13.68
海豚,郑州,598,小型车,11.68,13.68
秦Pro新能源,上海,590,紧凑型车,13.69,20.49
海豹,杭州,588,中型车,21.28,28.98
元PLUS,重庆,582,SUV,13.98,16.78
宋PLUS新能源,东莞,568,SUV,15.48,21.88
海豚,武汉,537,小型车,11.68,13.68
秦新能源,南京,536,紧凑型车,12.99,17.48
秦PLUS,杭州,528,紧凑型车,11.38,17.88
海豹,深圳,523,中型车,21.28,28.98
海豚,苏州,519,小型车,11.68,13.68
宋PLUS新能源,南京,518,SUV,15.48,21.88
海豚,西安,517,小型车,11.68,13.68
秦新能源,长沙,515,紧凑型车,12.99,17.48
海豚,温州,514,小型车,11.68,13.68
宋PLUS新能源,合肥,513,SUV,15.48,21.88
元PLUS,杭州,509,SUV,13.98,16.78
秦Pro新能源,北京,509,紧凑型车,13.69,20.49
驱逐舰05,上海,508,紧凑型车,12.18,15.78
宋Pro新能源,西安,495,SUV,14.08,16.58
元PLUS,天津,495,SUV,13.98,16.78
唐新能源,成都,494,SUV,20.98,34.28
海豚,成都,476,小型车,11.68,13.68
元PLUS,武汉,469,SUV,13.98,16.78
宋Pro新能源,杭州,468,SUV,14.08,16.58
秦PLUS,郑州,465,紧凑型车,11.38,17.88
宋PLUS新能源,大连,460,SUV,15.48,21.88
秦PLUS,西安,456,紧凑型车,11.38,17.88
秦Pro新能源,深圳,455,紧凑型车,13.69,20.49
海豹,苏州,451,中型车,21.28,28.98
宋PLUS新能源,宁波,450,SUV,15.48,21.88
宋Pro新能源,天津,446,SUV,14.08,16.58
元PLUS,郑州,435,SUV,13.98,16.78
宋MAX新能源,上海,432,MPV,14.78,17.48
元PLUS,南京,430,SUV,13.98,16.78
宋PLUS新能源,南昌,426,SUV,15.48,21.88
宋PLUS新能源,沈阳,423,SUV,15.48,21.88
宋Pro新能源,广州,421,SUV,14.08,16.58
元PLUS,苏州,420,SUV,13.98,16.78
宋PLUS新能源,南宁,417,SUV,15.48,21.88
宋PLUS新能源,佛山,415,SUV,15.48,21.88
汉,北京,415,中大型车,21.78,33.18
汉,西安,410,中大型车,21.78,33.18
元PLUS,广州,410,SUV,13.98,16.78
驱逐舰05,深圳,406,紧凑型车,12.18,15.78
唐新能源,广州,401,SUV,20.98,34.28
汉,苏州,399,中大型车,21.78,33.18
秦新能源,上海,399,紧凑型车,12.99,17.48
唐新能源,杭州,397,SUV,20.98,34.28
汉,广州,383,中大型车,21.78,33.18
宋PLUS新能源,石家庄,376,SUV,15.48,21.88
元PLUS,成都,375,SUV,13.98,16.78
宋Pro新能源,郑州,371,SUV,14.08,16.58
海豚,南宁,370,小型车,11.68,13.68
海豚,南京,359,小型车,11.68,13.68
秦PLUS,东莞,355,紧凑型车,11.38,17.88
元PLUS,绍兴,354,SUV,13.98,16.78
宋PLUS新能源,太原,339,SUV,15.48,21.88
海豹,成都,332,中型车,21.28,28.98
海豚,台州,331,小型车,11.68,13.68
汉,郑州,330,中大型车,21.78,33.18
宋PLUS新能源,唐山,330,SUV,15.48,21.88
秦新能源,济南,326,紧凑型车,12.99,17.48
汉,成都,326,中大型车,21.78,33.18
宋PLUS新能源,咸阳,325,SUV,15.48,21.88
元PLUS,长沙,324,SUV,13.98,16.78
唐新能源,重庆,322,SUV,20.98,34.28
秦PLUS,广州,321,紧凑型车,11.38,17.88
海豹,北京,319,中型车,21.28,28.98
宋PLUS新能源,无锡,318,SUV,15.48,21.88
宋PLUS新能源,洛阳,314,SUV,15.48,21.88
海豹,温州,313,中型车,21.28,28.98
宋PLUS新能源,绍兴,312,SUV,15.48,21.88
海豚,宁波,312,小型车,11.68,13.68
海豹,宁波,309,中型车,21.28,28.98
元PLUS,西安,307,SUV,13.98,16.78
秦PLUS,长沙,306,紧凑型车,11.38,17.88
宋Pro新能源,重庆,305,SUV,14.08,16.58
宋PLUS新能源,福州,302,SUV,15.48,21.88
宋Pro新能源,成都,302,SUV,14.08,16.58
海豚,无锡,301,小型车,11.68,13.68
元PLUS,海口,297,SUV,13.98,16.78
唐新能源,郑州,296,SUV,20.98,34.28
海豚,石家庄,294,小型车,11.68,13.68
海豚,长沙,293,小型车,11.68,13.68
海豚,唐山,290,小型车,11.68,13.68
宋Pro新能源,武汉,288,SUV,14.08,16.58
元PLUS,南通,288,SUV,13.98,16.78
宋PLUS新能源,银川,287,SUV,15.48,21.88
元PLUS,温州,287,SUV,13.98,16.78
元PLUS,青岛,287,SUV,13.98,16.78
海豚,广州,287,小型车,11.68,13.68
秦PLUS,苏州,282,紧凑型车,11.38,17.88
秦Pro新能源,杭州,281,紧凑型车,13.69,20.49
海豚,北京,280,小型车,11.68,13.68
宋PLUS新能源,惠州,278,SUV,15.48,21.88
海豚,南昌,276,小型车,11.68,13.68
元PLUS,太原,275,SUV,13.98,16.78
汉,无锡,273,中大型车,21.78,33.18
秦新能源,福州,273,紧凑型车,12.99,17.48
唐新能源,北京,273,SUV,20.98,34.28
宋PLUS新能源,青岛,272,SUV,15.48,21.88
海豚,邯郸,271,小型车,11.68,13.68
宋PLUS新能源,厦门,269,SUV,15.48,21.88
宋PLUS新能源,温州,267,SUV,15.48,21.88
海豚,南通,264,小型车,11.68,13.68
驱逐舰05,杭州,264,紧凑型车,12.18,15.78
秦PLUS,重庆,263,紧凑型车,11.38,17.88
汉,武汉,262,中大型车,21.78,33.18
秦PLUS,唐山,261,紧凑型车,11.38,17.88
元PLUS,无锡,260,SUV,13.98,16.78
秦PLUS,武汉,257,紧凑型车,11.38,17.88
宋新能源,上海,255,SUV,0.00,0.00
宋PLUS新能源,邯郸,255,SUV,15.48,21.88
海豚,保定,254,小型车,11.68,13.68
宋PLUS新能源,中山,253,SUV,15.48,21.88
海豚,太原,253,小型车,11.68,13.68
海豚,合肥,253,小型车,11.68,13.68
海豚,嘉兴,252,小型车,11.68,13.68
海豚,济南,251,小型车,11.68,13.68
元PLUS,合肥,251,SUV,13.98,16.78
海豹,无锡,250,中型车,21.28,28.98
宋PLUS新能源,海口,249,SUV,15.48,21.88
海豚,东莞,246,小型车,11.68,13.68
元PLUS,东莞,246,SUV,13.98,16.78
宋PLUS新能源,长春,246,SUV,15.48,21.88
海豹,重庆,245,中型车,21.28,28.98
秦新能源,南宁,244,紧凑型车,12.99,17.48
宋PLUS新能源,嘉兴,243,SUV,15.48,21.88
宋Pro新能源,苏州,242,SUV,14.08,16.58
唐新能源,苏州,239,SUV,20.98,34.28
宋PLUS新能源,济南,239,SUV,15.48,21.88
元PLUS,佛山,239,SUV,13.98,16.78
驱逐舰05,天津,237,紧凑型车,12.18,15.78
海豹,南京,236,中型车,21.28,28.98
宋PLUS新能源,常州,235,SUV,15.48,21.88
宋PLUS新能源,徐州,234,SUV,15.48,21.88
海豚,泉州,234,小型车,11.68,13.68
秦PLUS,合肥,234,紧凑型车,11.38,17.88
秦Pro新能源,温州,233,紧凑型车,13.69,20.49
秦PLUS,保定,233,紧凑型车,11.38,17.88
秦Pro新能源,苏州,230,紧凑型车,13.69,20.49
宋PLUS新能源,金华,230,SUV,15.48,21.88
宋新能源,深圳,229,SUV,0.00,0.00
海豹,嘉兴,228,中型车,21.28,28.98
秦Pro新能源,天津,226,紧凑型车,13.69,20.49
秦Pro新能源,贵阳,225,紧凑型车,13.69,20.49
元PLUS,昆明,224,SUV,13.98,16.78
海豚,海口,224,小型车,11.68,13.68
海豚,昆明,220,小型车,11.68,13.68
唐新能源,天津,219,SUV,20.98,34.28
元PLUS,宁波,218,SUV,13.98,16.78
汉,重庆,217,中大型车,21.78,33.18
秦新能源,西安,215,紧凑型车,12.99,17.48
汉,南京,214,中大型车,21.78,33.18
海豚,金华,214,小型车,11.68,13.68
海豚,青岛,213,小型车,11.68,13.68
海豚,贵阳,212,小型车,11.68,13.68
秦Pro新能源,成都,210,紧凑型车,13.69,20.49
元PLUS,南宁,206,SUV,13.98,16.78
元PLUS,嘉兴,205,SUV,13.98,16.78
海豚,洛阳,204,小型车,11.68,13.68
汉,长沙,204,中大型车,21.78,33.18
秦PLUS,石家庄,203,紧凑型车,11.38,17.88
海豚,常州,203,小型车,11.68,13.68
海豚,绍兴,201,小型车,11.68,13.68
秦PLUS,沧州,201,紧凑型车,11.38,17.88
宋PLUS新能源,周口,200,SUV,15.48,21.88
秦新能源,厦门,199,紧凑型车,12.99,17.48
秦PLUS,成都,199,紧凑型车,11.38,17.88
汉,合肥,198,中大型车,21.78,33.18
海豚,佛山,197,小型车,11.68,13.68
秦Pro新能源,东莞,197,紧凑型车,13.69,20.49
宋Pro新能源,长沙,197,SUV,14.08,16.58
汉,东莞,196,中大型车,21.78,33.18
宋PLUS新能源,兰州,195,SUV,15.48,21.88
海豚,湖州,195,小型车,11.68,13.68
唐新能源,武汉,194,SUV,20.98,34.28
宋Pro新能源,佛山,194,SUV,14.08,16.58
宋PLUS新能源,沧州,194,SUV,15.48,21.88
驱逐舰05,郑州,192,紧凑型车,12.18,15.78
宋Pro新能源,石家庄,192,SUV,14.08,16.58
元PLUS,金华,191,SUV,13.98,16.78
海豹,合肥,191,中型车,21.28,28.98
秦PLUS,佛山,190,紧凑型车,11.38,17.88
秦新能源,乌兰察布,189,紧凑型车,12.99,17.48
元PLUS,济南,189,SUV,13.98,16.78
宋PLUS新能源,烟台,188,SUV,15.48,21.88
秦Pro新能源,无锡,188,紧凑型车,13.69,20.49
宋PLUS新能源,昆明,187,SUV,15.48,21.88
秦新能源,西宁,185,紧凑型车,12.99,17.48
元PLUS,唐山,184,SUV,13.98,16.78
秦Pro新能源,青岛,184,紧凑型车,13.69,20.49
宋Pro新能源,东莞,184,SUV,14.08,16.58
秦PLUS,无锡,183,紧凑型车,11.38,17.88
海豹,武汉,183,中型车,21.28,28.98
秦Pro新能源,重庆,183,紧凑型车,13.69,20.49
海豚,临沂,181,小型车,11.68,13.68
元PLUS,台州,180,SUV,13.98,16.78
汉,南通,180,中大型车,21.78,33.18
汉,海口,180,中大型车,21.78,33.18
海豹,广州,180,中型车,21.28,28.98
唐新能源,东莞,180,SUV,20.98,34.28
宋PLUS新能源,保定,180,SUV,15.48,21.88
海豚,徐州,179,小型车,11.68,13.68
秦Pro新能源,武汉,179,紧凑型车,13.69,20.49
宋PLUS新能源,贵阳,179,SUV,15.48,21.88
汉,宁波,178,中大型车,21.78,33.18
秦新能源,晋城,178,紧凑型车,12.99,17.48
唐新能源,石家庄,177,SUV,20.98,34.28
宋Pro新能源,南宁,175,SUV,14.08,16.58
宋PLUS新能源,呼和浩特,174,SUV,15.48,21.88
秦Pro新能源,合肥,174,紧凑型车,13.69,20.49
宋Pro新能源,合肥,174,SUV,14.08,16.58
海豚,沧州,174,小型车,11.68,13.68
海豹,金华,173,中型车,21.28,28.98
秦新能源,东莞,173,紧凑型车,12.99,17.48
海豚,济宁,171,小型车,11.68,13.68
唐新能源,长沙,171,SUV,20.98,34.28
元PLUS,厦门,170,SUV,13.98,16.78
秦PLUS,贵阳,170,紧凑型车,11.38,17.88
海豚,临汾,169,小型车,11.68,13.68
元PLUS,福州,169,SUV,13.98,16.78
唐新能源,无锡,168,SUV,20.98,34.28
驱逐舰05,广州,168,紧凑型车,12.18,15.78
宋PLUS新能源,新乡,167,SUV,15.48,21.88
秦PLUS,北京,167,紧凑型车,11.38,17.88
海豚,菏泽,166,小型车,11.68,13.68
秦新能源,遵义,165,紧凑型车,12.99,17.48
海豹,绍兴,165,中型车,21.28,28.98
元PLUS,石家庄,165,SUV,13.98,16.78
汉,天津,164,中大型车,21.78,33.18
宋Pro新能源,南京,163,SUV,14.08,16.58
元PLUS,临沂,162,SUV,13.98,16.78
宋PLUS新能源,南通,160,SUV,15.48,21.88
秦Pro新能源,厦门,159,紧凑型车,13.69,20.49
宋Pro新能源,无锡,159,SUV,14.08,16.58
唐新能源,沈阳,159,SUV,20.98,34.28
唐新能源,佛山,159,SUV,20.98,34.28
海豚,邢台,158,小型车,11.68,13.68
宋PLUS新能源,襄阳,158,SUV,15.48,21.88
海豚,淄博,157,小型车,11.68,13.68
驱逐舰05,西安,157,紧凑型车,12.18,15.78
海豚,商丘,157,小型车,11.68,13.68
海豹,长沙,157,中型车,21.28,28.98
宋PLUS新能源,榆林,156,SUV,15.48,21.88
海豚,衡水,155,小型车,11.68,13.68
驱逐舰05,成都,155,紧凑型车,12.18,15.78
元PLUS,泉州,153,SUV,13.98,16.78
汉,佛山,153,中大型车,21.78,33.18
海豚,福州,153,小型车,11.68,13.68
宋Pro新能源,洛阳,152,SUV,14.08,16.58
海豚,赣州,152,小型车,11.68,13.68
海豹,东莞,151,中型车,21.28,28.98
驱逐舰05,重庆,151,紧凑型车,12.18,15.78
秦PLUS,邢台,150,紧凑型车,11.38,17.88
海豹,西安,150,中型车,21.28,28.98
驱逐舰05,苏州,150,紧凑型车,12.18,15.78
秦Pro新能源,佛山,150,紧凑型车,13.69,20.49
宋Pro新能源,嘉兴,149,SUV,14.08,16.58
唐新能源,大连,149,SUV,20.98,34.28
秦Pro新能源,潮州,149,紧凑型车,13.69,20.49
海豚,运城,148,小型车,11.68,13.68
秦新能源,常德,148,紧凑型车,12.99,17.48
秦新能源,石家庄,147,紧凑型车,12.99,17.48
秦PLUS,济南,147,紧凑型车,11.38,17.88
海豹,常州,147,中型车,21.28,28.98
宋PLUS新能源,衡阳,146,SUV,15.48,21.88
秦Pro新能源,海口,146,紧凑型车,13.69,20.49
海豚,枣庄,145,小型车,11.68,13.68
海豚,中山,145,小型车,11.68,13.68
宋PLUS新能源,泉州,145,SUV,15.48,21.88
宋Pro新能源,宁波,145,SUV,14.08,16.58
元PLUS,南昌,143,SUV,13.98,16.78
宋Pro新能源,沈阳,142,SUV,14.08,16.58
汉,嘉兴,142,中大型车,21.78,33.18
秦PLUS,南宁,140,紧凑型车,11.38,17.88
宋新能源,西安,139,SUV,0.00,0.00
秦PLUS,宁波,139,紧凑型车,11.38,17.88
宋PLUS新能源,绵阳,139,SUV,15.48,21.88
宋PLUS新能源,阜阳,139,SUV,15.48,21.88
宋PLUS新能源,邢台,137,SUV,15.48,21.88
驱逐舰05,武汉,137,紧凑型车,12.18,15.78
汉,绍兴,136,中大型车,21.78,33.18
秦PLUS,惠州,136,紧凑型车,11.38,17.88
唐新能源,海口,135,SUV,20.98,34.28
宋PLUS新能源,宜昌,134,SUV,15.48,21.88
宋PLUS新能源,商丘,134,SUV,15.48,21.88
秦PLUS,洛阳,133,紧凑型车,11.38,17.88
元PLUS,常州,133,SUV,13.98,16.78
元PLUS,保定,132,SUV,13.98,16.78
唐新能源,银川,131,SUV,20.98,34.28
海豚,襄阳,131,小型车,11.68,13.68
汉,石家庄,131,中大型车,21.78,33.18
宋PLUS新能源,赣州,131,SUV,15.48,21.88
宋PLUS新能源,泰州,130,SUV,15.48,21.88
秦Pro新能源,唐山,130,紧凑型车,13.69,20.49
宋PLUS新能源,南阳,130,SUV,15.48,21.88
秦新能源,淮安,130,紧凑型车,12.99,17.48
元PLUS,贵阳,130,SUV,13.98,16.78
元PLUS,沧州,130,SUV,13.98,16.78
元PLUS,滨州,130,SUV,13.98,16.78
秦新能源,合肥,129,紧凑型车,12.99,17.48
秦Pro新能源,广州,129,紧凑型车,13.69,20.49
海豚,盐城,128,小型车,11.68,13.68
汉,温州,128,中大型车,21.78,33.18
秦PLUS,南京,128,紧凑型车,11.38,17.88
秦PLUS,昆明,128,紧凑型车,11.38,17.88
海豚,遵义,127,小型车,11.68,13.68
元PLUS,中山,127,SUV,13.98,16.78
海豚,潍坊,127,小型车,11.68,13.68
海豚,惠州,127,小型车,11.68,13.68
元PLUS,惠州,127,SUV,13.98,16.78
秦PLUS,鄂尔多斯,127,紧凑型车,11.38,17.88
宋PLUS新能源,湖州,126,SUV,15.48,21.88
秦PLUS,遵义,124,紧凑型车,11.38,17.88
宋PLUS新能源,淄博,124,SUV,15.48,21.88
元PLUS,运城,122,SUV,13.98,16.78
宋PLUS新能源,渭南,122,SUV,15.48,21.88
宋PLUS新能源,台州,122,SUV,15.48,21.88
唐新能源,宁波,122,SUV,20.98,34.28
秦PLUS,海口,122,紧凑型车,11.38,17.88
秦Pro新能源,南京,121,紧凑型车,13.69,20.49
宋Pro新能源,海口,121,SUV,14.08,16.58
宋PLUS新能源,乌鲁木齐,120,SUV,15.48,21.88
唐新能源,合肥,120,SUV,20.98,34.28
秦PLUS,中山,119,紧凑型车,11.38,17.88
秦Pro新能源,西安,119,紧凑型车,13.69,20.49
宋PLUS新能源,济宁,119,SUV,15.48,21.88
秦PLUS,大连,119,紧凑型车,11.38,17.88
驱逐舰05,南宁,118,紧凑型车,12.18,15.78
秦PLUS,邯郸,118,紧凑型车,11.38,17.88
宋Pro新能源,大连,118,SUV,14.08,16.58
元PLUS,江门,117,SUV,13.98,16.78
海豹,湖州,116,中型车,21.28,28.98
秦PLUS,沈阳,115,紧凑型车,11.38,17.88
宋PLUS新能源,临沂,115,SUV,15.48,21.88
秦Pro新能源,长沙,115,紧凑型车,13.69,20.49
海豚,亳州,115,小型车,11.68,13.68
秦Pro新能源,石家庄,114,紧凑型车,13.69,20.49
元PLUS,烟台,113,SUV,13.98,16.78
元PLUS,洛阳,113,SUV,13.98,16.78
宋PLUS新能源,岳阳,112,SUV,15.48,21.88
秦PLUS,嘉兴,112,紧凑型车,11.38,17.88
宋PLUS新能源,菏泽,112,SUV,15.48,21.88
海豚,桂林,112,小型车,11.68,13.68
秦PLUS,南阳,111,紧凑型车,11.38,17.88
秦Pro新能源,南通,111,紧凑型车,13.69,20.49
秦PLUS,南通,111,紧凑型车,11.38,17.88
唐新能源,南宁,111,SUV,20.98,34.28
秦新能源,陇南,111,紧凑型车,12.99,17.48
秦Pro新能源,金华,111,紧凑型车,13.69,20.49
元PLUS,潍坊,110,SUV,13.98,16.78
海豚,泰州,110,小型车,11.68,13.68
海豚,沈阳,110,小型车,11.68,13.68
宋PLUS新能源,江门,110,SUV,15.48,21.88
宋新能源,天津,109,SUV,0.00,0.00
汉,金华,109,中大型车,21.78,33.18
海豚,周口,108,小型车,11.68,13.68
秦新能源,郑州,108,紧凑型车,12.99,17.48
元PLUS,徐州,108,SUV,13.98,16.78
唐新能源,南京,108,SUV,20.98,34.28
驱逐舰05,南京,108,紧凑型车,12.18,15.78
海豚,柳州,108,小型车,11.68,13.68
海豹,台州,107,中型车,21.28,28.98
宋Pro新能源,保定,107,SUV,14.08,16.58
海豚,厦门,106,小型车,11.68,13.68
元PLUS,济宁,106,SUV,13.98,16.78
海豚,宜昌,105,小型车,11.68,13.68
宋PLUS新能源,潍坊,105,SUV,15.48,21.88
汉,济南,105,中大型车,21.78,33.18
宋Pro新能源,福州,105,SUV,14.08,16.58
海豚,银川,104,小型车,11.68,13.68
宋Pro新能源,太原,104,SUV,14.08,16.58
宋PLUS新能源,汕头,104,SUV,15.48,21.88
海豚,滨州,104,小型车,11.68,13.68
海豚,咸阳,103,小型车,11.68,13.68
秦PLUS,廊坊,102,紧凑型车,11.38,17.88
元PLUS,邯郸,102,SUV,13.98,16.78
海豹,佛山,101,中型车,21.28,28.98
海豚,长治,101,小型车,11.68,13.68
唐新能源,沧州,101,SUV,20.98,34.28
宋Pro新能源,厦门,100,SUV,14.08,16.58
秦新能源,无锡,100,紧凑型车,12.99,17.48
海豹,南通,100,中型车,21.28,28.98
秦Pro新能源,宁波,100,紧凑型车,13.69,20.49
秦新能源,泸州,100,紧凑型车,12.99,17.48
海豚,黄冈,100,小型车,11.68,13.68
海豹,郑州,99,中型车,21.28,28.98
秦Pro新能源,昆明,99,紧凑型车,13.69,20.49
宋PLUS新能源,黄冈,99,SUV,15.48,21.88
海豚,新乡,98,小型车,11.68,13.68
秦Pro新能源,台州,98,紧凑型车,13.69,20.49
宋PLUS新能源,濮阳,98,SUV,15.48,21.88
汉,南宁,98,中大型车,21.78,33.18
秦PLUS,济宁,98,紧凑型车,11.38,17.88
元PLUS,珠海,97,SUV,13.98,16.78
海豹,天津,97,中型车,21.28,28.98
秦Pro新能源,嘉兴,97,紧凑型车,13.69,20.49
秦PLUS,乌鲁木齐,96,紧凑型车,11.38,17.88
秦Pro新能源,南宁,96,紧凑型车,13.69,20.49
海豹,南宁,96,中型车,21.28,28.98
宋PLUS新能源,连云港,96,SUV,15.48,21.88
元PLUS,湖州,96,SUV,13.98,16.78
海豚,德州,96,小型车,11.68,13.68
海豚,东营,95,小型车,11.68,13.68
驱逐舰05,东莞,95,紧凑型车,12.18,15.78
汉,常州,95,中大型车,21.78,33.18
宋PLUS新能源,盐城,94,SUV,15.48,21.88
宋Pro新能源,邯郸,94,SUV,14.08,16.58
宋新能源,广州,94,SUV,0.00,0.00
海豚,扬州,93,小型车,11.68,13.68
宋Pro新能源,唐山,93,SUV,14.08,16.58
宋PLUS新能源,十堰,93,SUV,15.48,21.88
秦Pro新能源,沈阳,93,紧凑型车,13.69,20.49
唐新能源,绵阳,93,SUV,20.98,34.28
海豚,阜阳,93,小型车,11.68,13.68
宋PLUS新能源,大庆,93,SUV,15.48,21.88
宋PLUS新能源,遵义,92,SUV,15.48,21.88
汉,南昌,92,中大型车,21.78,33.18
宋PLUS新能源,驻马店,91,SUV,15.48,21.88
宋PLUS新能源,运城,91,SUV,15.48,21.88
唐新能源,嘉兴,91,SUV,20.98,34.28
元PLUS,淄博,90,SUV,13.98,16.78
秦新能源,苏州,90,紧凑型车,12.99,17.48
宋Pro新能源,南通,90,SUV,14.08,16.58
秦PLUS,南昌,90,紧凑型车,11.38,17.88
元PLUS,临汾,90,SUV,13.98,16.78
元PLUS,柳州,90,SUV,13.98,16.78
秦PLUS,福州,90,紧凑型车,11.38,17.88
宋PLUS新能源,宝鸡,90,SUV,15.48,21.88
宋Pro新能源,北京,90,SUV,14.08,16.58
宋Pro新能源,绍兴,89,SUV,14.08,16.58
驱逐舰05,合肥,89,紧凑型车,12.18,15.78
宋PLUS新能源,长治,89,SUV,15.48,21.88
宋Pro新能源,中山,88,SUV,14.08,16.58
宋PLUS新能源,宜春,88,SUV,15.48,21.88
元PLUS,沈阳,88,SUV,13.98,16.78
比亚迪e2,济南,88,紧凑型车,9.58,14.58
汉,中山,87,中大型车,21.78,33.18
唐新能源,乌鲁木齐,87,SUV,20.98,34.28
海豹,南昌,87,中型车,21.28,28.98
唐新能源,金华,87,SUV,20.98,34.28
宋Pro新能源,济南,87,SUV,14.08,16.58
宋新能源,杭州,87,SUV,0.00,0.00
汉,镇江,86,中大型车,21.78,33.18
唐新能源,鄂尔多斯,86,SUV,20.98,34.28
秦新能源,忻州,85,紧凑型车,12.99,17.48
元PLUS,三亚,85,SUV,13.98,16.78
宋MAX新能源,深圳,85,MPV,14.78,17.48
宋Pro新能源,惠州,85,SUV,14.08,16.58
海豚,镇江,84,小型车,11.68,13.68
唐新能源,中山,84,SUV,20.98,34.28
唐新能源,青岛,84,SUV,20.98,34.28
汉,青岛,84,中大型车,21.78,33.18
海豚,绵阳,84,小型车,11.68,13.68
元PLUS,邢台,83,SUV,13.98,16.78
秦Pro新能源,徐州,83,紧凑型车,13.69,20.49
秦PLUS,潍坊,83,紧凑型车,11.38,17.88
秦PLUS,温州,83,紧凑型车,11.38,17.88
秦新能源,青岛,83,紧凑型车,12.99,17.48
宋PLUS新能源,聊城,83,SUV,15.48,21.88
海豚,晋城,83,小型车,11.68,13.68
海豚,江门,83,小型车,11.68,13.68
唐新能源,惠州,83,SUV,20.98,34.28
宋PLUS新能源,衡水,83,SUV,15.48,21.88
宋PLUS新能源,安康,83,SUV,15.48,21.88
海豚,烟台,82,小型车,11.68,13.68
元PLUS,宜昌,82,SUV,13.98,16.78
唐新能源,咸阳,82,SUV,20.98,34.28
秦PLUS,泉州,82,紧凑型车,11.38,17.88
海豚,聊城,82,小型车,11.68,13.68
宋Pro新能源,鄂尔多斯,82,SUV,14.08,16.58
海豹,镇江,81,中型车,21.28,28.98
元PLUS,襄阳,81,SUV,13.98,16.78
宋PLUS新能源,秦皇岛,81,SUV,15.48,21.88
宋PLUS新能源,平顶山,81,SUV,15.48,21.88
秦新能源,马鞍山,81,紧凑型车,12.99,17.48
秦Pro新能源,济南,81,紧凑型车,13.69,20.49
唐新能源,呼和浩特,81,SUV,20.98,34.28
宋PLUS新能源,哈尔滨,81,SUV,15.48,21.88
宋新能源,成都,81,SUV,0.00,0.00
宋PLUS新能源,滨州,81,SUV,15.48,21.88
秦Pro新能源,保定,81,紧凑型车,13.69,20.49
宋PLUS新能源,信阳,80,SUV,15.48,21.88
宋PLUS新能源,汉中,80,SUV,15.48,21.88
元PLUS,衡阳,80,SUV,13.98,16.78
宋PLUS新能源,郴州,80,SUV,15.48,21.88
唐新能源,榆林,79,SUV,20.98,34.28
秦PLUS,青岛,79,紧凑型车,11.38,17.88
唐新能源,济南,79,SUV,20.98,34.28
宋PLUS新能源,桂林,79,SUV,15.48,21.88
秦Pro新能源,沧州,79,紧凑型车,13.69,20.49
驱逐舰05,无锡,78,紧凑型车,12.18,15.78
秦PLUS,台州,78,紧凑型车,11.38,17.88
秦PLUS,绍兴,78,紧凑型车,11.38,17.88
秦PLUS,兰州,78,紧凑型车,11.38,17.88
宋PLUS新能源,焦作,78,SUV,15.48,21.88
元PLUS,九江,78,SUV,13.98,16.78
秦PLUS,阜阳,78,紧凑型车,11.38,17.88
海豹,中山,77,中型车,21.28,28.98
宋PLUS新能源,营口,77,SUV,15.48,21.88
海豹,泰州,77,中型车,21.28,28.98
秦Pro新能源,泉州,77,紧凑型车,13.69,20.49
宋PLUS新能源,廊坊,77,SUV,15.48,21.88
宋Pro新能源,兰州,77,SUV,14.08,16.58
唐新能源,贵阳,77,SUV,20.98,34.28
秦Pro新能源,肇庆,76,紧凑型车,13.69,20.49
秦PLUS,珠海,76,紧凑型车,11.38,17.88
元PLUS,盐城,76,SUV,13.98,16.78
秦PLUS,商丘,76,紧凑型车,11.38,17.88
宋Pro新能源,青岛,76,SUV,14.08,16.58
驱逐舰05,宁波,76,紧凑型车,12.18,15.78
宋PLUS新能源,黄石,76,SUV,15.48,21.88
秦Pro新能源,福州,76,紧凑型车,13.69,20.49
宋PLUS新能源,鄂尔多斯,76,SUV,15.48,21.88
元PLUS,长治,76,SUV,13.98,16.78
秦Pro新能源,北海,76,紧凑型车,13.69,20.49
宋Pro新能源,邢台,75,SUV,14.08,16.58
驱逐舰05,佛山,75,紧凑型车,12.18,15.78
秦新能源,银川,74,紧凑型车,12.99,17.48
宋PLUS新能源,许昌,74,SUV,15.48,21.88
唐新能源,唐山,74,SUV,20.98,34.28
秦新能源,深圳,74,紧凑型车,12.99,17.48
海豚,连云港,74,小型车,11.68,13.68
秦Pro新能源,湖州,74,紧凑型车,13.69,20.49
宋Pro新能源,长春,74,SUV,14.08,16.58
海豚,驻马店,73,小型车,11.68,13.68
秦Pro新能源,威海,73,紧凑型车,13.69,20.49
汉,台州,73,中大型车,21.78,33.18
唐新能源,兰州,73,SUV,20.98,34.28
海豚,抚州,73,小型车,11.68,13.68
唐新能源,常州,73,SUV,20.98,34.28
秦Pro新能源,绍兴,72,紧凑型车,13.69,20.49
元PLUS,连云港,72,SUV,13.98,16.78
唐新能源,昆明,72,SUV,20.98,34.28
秦PLUS,金华,72,紧凑型车,11.38,17.88
元PLUS,衡水,72,SUV,13.98,16.78
宋PLUS新能源,抚州,72,SUV,15.48,21.88
宋PLUS新能源,枣庄,71,SUV,15.48,21.88
海豚,宜春,71,小型车,11.68,13.68
宋PLUS新能源,西宁,71,SUV,15.48,21.88
驱逐舰05,石家庄,71,紧凑型车,12.18,15.78
秦PLUS,衡水,71,紧凑型车,11.38,17.88
元PLUS,黄石,71,SUV,13.98,16.78
汉,贵阳,71,中大型车,21.78,33.18
元PLUS,阜阳,71,SUV,13.98,16.78
秦PLUS,长春,71,紧凑型车,11.38,17.88
宋PLUS新能源,芜湖,70,SUV,15.48,21.88
秦PLUS,太原,70,紧凑型车,11.38,17.88
元PLUS,曲靖,70,SUV,13.98,16.78
宋PLUS新能源,衢州,70,SUV,15.48,21.88
秦PLUS,平顶山,70,紧凑型车,11.38,17.88
宋PLUS新能源,南充,70,SUV,15.48,21.88
宋Pro新能源,金华,70,SUV,14.08,16.58
海豚,九江,70,小型车,11.68,13.68
宋Pro新能源,常州,70,SUV,14.08,16.58
驱逐舰05,长沙,70,紧凑型车,12.18,15.78
宋Pro新能源,徐州,69,SUV,14.08,16.58
宋PLUS新能源,清远,69,SUV,15.48,21.88
海豚,曲靖,69,小型车,11.68,13.68
宋Pro新能源,柳州,69,SUV,14.08,16.58
汉,湖州,69,中大型车,21.78,33.18
秦PLUS,常州,69,紧凑型车,11.38,17.88
宋新能源,郑州,68,SUV,0.00,0.00
元PLUS,湛江,68,SUV,13.98,16.78
海豚,榆林,68,小型车,11.68,13.68
比亚迪e3,南充,68,紧凑型车,15.48,15.58
汉,昆明,68,中大型车,21.78,33.18
元PLUS,大连,68,SUV,13.98,16.78
宋PLUS新能源,忻州,67,SUV,15.48,21.88
秦PLUS,徐州,67,紧凑型车,11.38,17.88
比亚迪D1,上海,67,MPV,15.78,16.78
秦Pro新能源,南昌,67,紧凑型车,13.69,20.49
海豚,呼和浩特,67,小型车,11.68,13.68
元PLUS,常德,67,SUV,13.98,16.78
汉,沧州,67,中大型车,21.78,33.18
宋PLUS新能源,镇江,66,SUV,15.48,21.88
宋Pro新能源,咸阳,66,SUV,14.08,16.58
秦PLUS,咸阳,66,紧凑型车,11.38,17.88
秦新能源,温州,66,紧凑型车,12.99,17.48
宋PLUS新能源,宿州,66,SUV,15.48,21.88
汉,沈阳,66,中大型车,21.78,33.18
宋Pro新能源,泉州,66,SUV,14.08,16.58
海豚,廊坊,66,小型车,11.68,13.68
宋PLUS新能源,怀化,66,SUV,15.48,21.88
元PLUS,镇江,65,SUV,13.98,16.78
秦新能源,永州,65,紧凑型车,12.99,17.48
秦Pro新能源,盐城,65,紧凑型车,13.69,20.49
海豹,厦门,65,中型车,21.28,28.98
宋PLUS新能源,曲靖,65,SUV,15.48,21.88
唐新能源,南通,65,SUV,20.98,34.28
秦PLUS,漯河,65,紧凑型车,11.38,17.88
汉,惠州,65,中大型车,21.78,33.18
驱逐舰05,惠州,65,紧凑型车,12.18,15.78
海豹,海口,65,中型车,21.28,28.98
宋Pro新能源,沧州,65,SUV,14.08,16.58
秦PLUS,毕节,65,紧凑型车,11.38,17.88
秦PLUS,包头,65,紧凑型车,11.38,17.88
秦PLUS,周口,64,紧凑型车,11.38,17.88
秦PLUS,许昌,64,紧凑型车,11.38,17.88
唐新能源,绍兴,64,SUV,20.98,34.28
秦新能源,曲靖,64,紧凑型车,12.99,17.48
汉,泉州,64,中大型车,21.78,33.18
秦Pro新能源,茂名,64,紧凑型车,13.69,20.49
元PLUS,漯河,64,SUV,13.98,16.78
元PLUS,廊坊,64,SUV,13.98,16.78
海豚,开封,64,小型车,11.68,13.68
秦Pro新能源,黄石,64,紧凑型车,13.69,20.49
宋Pro新能源,贵阳,64,SUV,14.08,16.58
宋PLUS新能源,德州,64,SUV,15.48,21.88
宋PLUS新能源,亳州,64,SUV,15.48,21.88
宋PLUS新能源,湛江,63,SUV,15.48,21.88
元PLUS,枣庄,63,SUV,13.98,16.78
宋PLUS新能源,宜宾,63,SUV,15.48,21.88
秦PLUS,厦门,63,紧凑型车,11.38,17.88
宋Pro新能源,温州,63,SUV,14.08,16.58
汉,泰州,63,中大型车,21.78,33.18
秦Pro新能源,清远,63,紧凑型车,13.69,20.49
海豚,衡阳,63,小型车,11.68,13.68
元PLUS,东营,63,SUV,13.98,16.78
元PLUS,芜湖,62,SUV,13.98,16.78
唐新能源,温州,62,SUV,20.98,34.28
宋Pro新能源,南阳,62,SUV,14.08,16.58
海豹,惠州,62,中型车,21.28,28.98
秦PLUS,黄冈,62,紧凑型车,11.38,17.88
海豹,福州,62,中型车,21.28,28.98
宋PLUS新能源,大同,62,SUV,15.48,21.88
宋PLUS新能源,包头,62,SUV,15.48,21.88
海豚,株洲,61,小型车,11.68,13.68
唐新能源,淄博,61,SUV,20.98,34.28
汉,烟台,61,中大型车,21.78,33.18
秦PLUS,新乡,61,紧凑型车,11.38,17.88
汉,厦门,61,中大型车,21.78,33.18
秦新能源,武汉,61,紧凑型车,12.99,17.48
唐新能源,太原,61,SUV,20.98,34.28
宋PLUS新能源,上饶,61,SUV,15.48,21.88
宋PLUS新能源,莆田,61,SUV,15.48,21.88
海豚,乐山,61,小型车,11.68,13.68
宋PLUS新能源,荆门,61,SUV,15.48,21.88
海豚,德阳,61,小型车,11.68,13.68
秦Pro新能源,珠海,60,紧凑型车,13.69,20.49
元PLUS,银川,60,SUV,13.98,16.78
唐新能源,徐州,60,SUV,20.98,34.28
比亚迪e3,青岛,60,紧凑型车,15.48,15.58
宋PLUS新能源,常德,60,SUV,15.48,21.88
秦Pro新能源,镇江,59,紧凑型车,13.69,20.49
宋Pro新能源,镇江,59,SUV,14.08,16.58
海豚,岳阳,59,小型车,11.68,13.68
汉,太原,59,中大型车,21.78,33.18
宋PLUS新能源,邵阳,59,SUV,15.48,21.88
海豚,汕头,59,小型车,11.68,13.68
宋Pro新能源,廊坊,59,SUV,14.08,16.58
宋Pro新能源,昆明,59,SUV,14.08,16.58
唐新能源,邯郸,59,SUV,20.98,34.28
宋PLUS新能源,德阳,59,SUV,15.48,21.88
汉,大连,59,中大型车,21.78,33.18
海豚,大连,59,小型车,11.68,13.68
秦新能源,潮州,59,紧凑型车,12.99,17.48
宋新能源,重庆,59,SUV,0.00,0.00
秦新能源,宝鸡,59,紧凑型车,12.99,17.48
海豚,宜宾,58,小型车,11.68,13.68
宋Pro新能源,濮阳,58,SUV,14.08,16.58
海豚,南阳,58,小型车,11.68,13.68
宋PLUS新能源,九江,58,SUV,15.48,21.88
汉,阜阳,58,中大型车,21.78,33.18
汉,鄂尔多斯,58,中大型车,21.78,33.18
宋PLUS新能源,巴中,58,SUV,15.48,21.88
秦PLUS,安阳,58,紧凑型车,11.38,17.88
海豚,玉林,57,小型车,11.68,13.68
秦PLUS,烟台,57,紧凑型车,11.38,17.88
宋Pro新能源,宜昌,57,SUV,14.08,16.58
宋PLUS新能源,孝感,57,SUV,15.48,21.88
元PLUS,新乡,57,SUV,13.98,16.78
驱逐舰05,温州,57,紧凑型车,12.18,15.78
元PLUS,泰州,57,SUV,13.98,16.78
秦Pro新能源,太原,57,紧凑型车,13.69,20.49
海豹,泉州,57,中型车,21.28,28.98
元PLUS,茂名,57,SUV,13.98,16.78
宋PLUS新能源,泸州,57,SUV,15.48,21.88
宋PLUS新能源,开封,57,SUV,15.48,21.88
宋PLUS新能源,晋中,57,SUV,15.48,21.88
宋PLUS新能源,荆州,57,SUV,15.48,21.88
海豚,黄石,57,小型车,11.68,13.68
秦PLUS,衡阳,57,紧凑型车,11.38,17.88
元PLUS,滁州,57,SUV,13.98,16.78
元PLUS,亳州,57,SUV,13.98,16.78
宋PLUS新能源,珠海,56,SUV,15.48,21.88
元PLUS,岳阳,56,SUV,13.98,16.78
元PLUS,咸阳,56,SUV,13.98,16.78
宋PLUS新能源,威海,56,SUV,15.48,21.88
宋Pro新能源,台州,56,SUV,14.08,16.58
海豚,衢州,56,小型车,11.68,13.68
宋PLUS新能源,临汾,56,SUV,15.48,21.88
驱逐舰05,洛阳,56,紧凑型车,12.18,15.78
秦PLUS,菏泽,56,紧凑型车,11.38,17.88
驱逐舰05,赣州,56,紧凑型车,12.18,15.78
秦PLUS,德州,56,紧凑型车,11.38,17.88
宋PLUS新能源,滁州,56,SUV,15.48,21.88
唐新能源,保定,56,SUV,20.98,34.28
元PLUS,安庆,56,SUV,13.98,16.78
元PLUS,莆田,55,SUV,13.98,16.78
宋Pro新能源,南昌,55,SUV,14.08,16.58
驱逐舰05,南昌,55,紧凑型车,12.18,15.78
宋PLUS新能源,马鞍山,55,SUV,15.48,21.88
宋PLUS新能源,吕梁,55,SUV,15.48,21.88
元PLUS,菏泽,55,SUV,13.98,16.78
海豚,汉中,55,小型车,11.68,13.68
汉,衡阳,55,中大型车,21.78,33.18
宋PLUS新能源,达州,55,SUV,15.48,21.88
宋新能源,长沙,55,SUV,0.00,0.00
唐新能源,长春,55,SUV,20.98,34.28
宋PLUS新能源,安阳,55,SUV,15.48,21.88
海豚,玉溪,54,小型车,11.68,13.68
元PLUS,咸宁,54,SUV,13.98,16.78
宋Pro新能源,襄阳,54,SUV,14.08,16.58
秦PLUS,襄阳,54,紧凑型车,11.38,17.88
海豹,徐州,54,中型车,21.28,28.98
海豚,芜湖,54,小型车,11.68,13.68
宋新能源,武汉,54,SUV,0.00,0.00
宋PLUS新能源,三门峡,54,SUV,15.48,21.88
元PLUS,泸州,54,SUV,13.98,16.78
海豹,昆明,54,中型车,21.28,28.98
秦PLUS,江门,54,紧凑型车,11.38,17.88
海豚,淮安,54,小型车,11.68,13.68
秦PLUS,赣州,54,紧凑型车,11.38,17.88
宋PLUS新能源,东营,54,SUV,15.48,21.88
海豚,滁州,54,小型车,11.68,13.68
秦Pro新能源,常州,54,紧凑型车,13.69,20.49
宋Pro新能源,包头,54,SUV,14.08,16.58
宋PLUS新能源,株洲,53,SUV,15.48,21.88
宋PLUS新能源,肇庆,53,SUV,15.48,21.88
宋Pro新能源,烟台,53,SUV,14.08,16.58
汉,徐州,53,中大型车,21.78,33.18
汉,乌鲁木齐,53,中大型车,21.78,33.18
秦Pro新能源,泰州,53,紧凑型车,13.69,20.49
宋PLUS新能源,宿迁,53,SUV,15.48,21.88
元PLUS,商丘,53,SUV,13.98,16.78
唐新能源,三亚,53,SUV,20.98,34.28
宋PLUS新能源,梅州,53,SUV,15.48,21.88
秦PLUS,临汾,53,紧凑型车,11.38,17.88
海豚,荆州,53,小型车,11.68,13.68
宋PLUS新能源,淮安,53,SUV,15.48,21.88
元PLUS,黄冈,53,SUV,13.98,16.78
宋PLUS新能源,玉林,52,SUV,15.48,21.88
汉,咸阳,52,中大型车,21.78,33.18
宋PLUS新能源,武威,52,SUV,15.48,21.88
海豚,平顶山,52,小型车,11.68,13.68
元PLUS,濮阳,52,SUV,13.98,16.78
唐新能源,洛阳,52,SUV,20.98,34.28
汉,廊坊,52,中大型车,21.78,33.18
元PLUS,晋城,52,SUV,13.98,16.78
海豹,济南,52,中型车,21.28,28.98
宋PLUS新能源,河源,52,SUV,15.48,21.88
秦PLUS,银川,51,紧凑型车,11.38,17.88
海豚,湘潭,51,小型车,11.68,13.68
秦新能源,清远,51,紧凑型车,12.99,17.48
海豚,濮阳,51,小型车,11.68,13.68
宋Pro新能源,绵阳,51,SUV,14.08,16.58
宋PLUS新能源,柳州,51,SUV,15.48,21.88
海豚,兰州,51,小型车,11.68,13.68
元PLUS,荆州,51,SUV,13.98,16.78
元PLUS,呼和浩特,51,SUV,13.98,16.78
秦新能源,哈尔滨,51,紧凑型车,12.99,17.48
宋新能源,东莞,51,SUV,0.00,0.00
秦Pro新能源,大连,51,紧凑型车,13.69,20.49
秦PLUS,株洲,50,紧凑型车,11.38,17.88
海豚,珠海,50,小型车,11.68,13.68
秦新能源,延安,50,紧凑型车,12.99,17.48
秦Pro新能源,宜昌,50,紧凑型车,13.69,20.49
海豹,扬州,50,中型车,21.28,28.98
驱逐舰05,徐州,50,紧凑型车,12.18,15.78
汉,潍坊,50,中大型车,21.78,33.18
海豚,泰安,50,小型车,11.68,13.68
秦PLUS,宿州,50,紧凑型车,11.38,17.88
元PLUS,邵阳,50,SUV,13.98,16.78
秦Pro新能源,曲靖,50,紧凑型车,13.69,20.49
宋PLUS新能源,萍乡,50,SUV,15.48,21.88
唐新能源,南昌,50,SUV,20.98,34.28
元PLUS,绵阳,50,SUV,13.98,16.78
宋Pro新能源,江门,50,SUV,14.08,16.58
宋PLUS新能源,吉林,50,SUV,15.48,21.88
秦Pro新能源,常德,50,紧凑型车,13.69,20.49
宋新能源,承德,50,SUV,0.00,0.00
秦新能源,重庆,50,紧凑型车,12.99,17.48
唐新能源,营口,49,SUV,20.98,34.28
汉,盐城,49,中大型车,21.78,33.18
汉,邢台,49,中大型车,21.78,33.18
唐新能源,邢台,49,SUV,20.98,34.28
秦Pro新能源,邢台,49,紧凑型车,13.69,20.49
汉,芜湖,49,中大型车,21.78,33.18
秦PLUS,邵阳,49,紧凑型车,11.38,17.88
元PLUS,汕头,49,SUV,13.98,16.78
宋PLUS新能源,漯河,49,SUV,15.48,21.88
宋PLUS新能源,六安,49,SUV,15.48,21.88
秦Pro新能源,衡阳,49,紧凑型车,13.69,20.49
元PLUS,桂林,49,SUV,13.98,16.78
宋Pro新能源,滨州,49,SUV,14.08,16.58
海豚,包头,49,小型车,11.68,13.68
宋PLUS新能源,安庆,49,SUV,15.48,21.88
元PLUS,遵义,48,SUV,13.98,16.78
元PLUS,株洲,48,SUV,13.98,16.78
元PLUS,宜春,48,SUV,13.98,16.78
秦PLUS,宜昌,48,紧凑型车,11.38,17.88
海豚,上饶,48,小型车,11.68,13.68
秦PLUS,秦皇岛,48,紧凑型车,11.38,17.88
海豚,梅州,48,小型车,11.68,13.68
秦PLUS,娄底,48,紧凑型车,11.38,17.88
秦新能源,临沧,48,紧凑型车,12.99,17.48
宋新能源,洛阳,48,SUV,0.00,0.00
海豹,江门,48,中型车,21.28,28.98
汉,长春,48,中大型车,21.78,33.18
秦Pro新能源,郑州,47,紧凑型车,13.69,20.49
宋PLUS新能源,宣城,47,SUV,15.48,21.88
驱逐舰05,太原,47,紧凑型车,12.18,15.78
驱逐舰05,南通,47,紧凑型车,12.18,15.78
秦新能源,宁波,47,紧凑型车,12.99,17.48
唐新能源,哈尔滨,47,SUV,20.98,34.28
宋MAX新能源,广州,47,MPV,14.78,17.48
驱逐舰05,常州,47,紧凑型车,12.18,15.78
宋Pro新能源,宝鸡,47,SUV,14.08,16.58
汉,周口,46,中大型车,21.78,33.18
驱逐舰05,中山,46,紧凑型车,12.18,15.78
宋PLUS新能源,永州,46,SUV,15.48,21.88
秦Pro新能源,烟台,46,紧凑型车,13.69,20.49
宋Pro新能源,新乡,46,SUV,14.08,16.58
宋Pro新能源,信阳,46,SUV,14.08,16.58
宋PLUS新能源,湘潭,46,SUV,15.48,21.88
唐新能源,厦门,46,SUV,20.98,34.28
宋Pro新能源,泰州,46,SUV,14.08,16.58
元PLUS,泰安,46,SUV,13.98,16.78
元PLUS,宿迁,46,SUV,13.98,16.78
秦PLUS,茂名,46,紧凑型车,11.38,17.88
唐新能源,临沂,46,SUV,20.98,34.28
海豚,焦作,46,小型车,11.68,13.68
秦Pro新能源,江门,46,紧凑型车,13.69,20.49
秦Pro新能源,邯郸,46,紧凑型车,13.69,20.49
宋PLUS新能源,广安,46,SUV,15.48,21.88
元PLUS,鄂尔多斯,46,SUV,13.98,16.78
元PLUS,包头,46,SUV,13.98,16.78
汉,淄博,45,中大型车,21.78,33.18
秦PLUS,盐城,45,紧凑型车,11.38,17.88
宋Pro新能源,榆林,45,SUV,14.08,16.58
秦PLUS,扬州,45,紧凑型车,11.38,17.88
海豚,邵阳,45,小型车,11.68,13.68
海豚,十堰,45,小型车,11.68,13.68
驱逐舰05,沈阳,45,紧凑型车,12.18,15.78
宋PLUS新能源,日照,45,SUV,15.48,21.88
秦PLUS,清远,45,紧凑型车,11.38,17.88
海豹,青岛,45,中型车,21.28,28.98
秦PLUS,连云港,45,紧凑型车,11.38,17.88
秦PLUS,六安,45,紧凑型车,11.38,17.88
海豚,六安,45,小型车,11.68,13.68
海豹,赣州,45,中型车,21.28,28.98
秦Pro新能源,桂林,45,紧凑型车,13.69,20.49
宋新能源,佛山,45,SUV,0.00,0.00
汉,保定,45,中大型车,21.78,33.18
元PLUS,安阳,45,SUV,13.98,16.78
宋PLUS新能源,延安,44,SUV,15.48,21.88
秦PLUS,泰州,44,紧凑型车,11.38,17.88
宋PLUS新能源,泰安,44,SUV,15.48,21.88
海豚,随州,44,小型车,11.68,13.68
海豚,马鞍山,44,小型车,11.68,13.68
秦新能源,吕梁,44,紧凑型车,12.99,17.48
宋PLUS新能源,六盘水,44,SUV,15.48,21.88
汉,洛阳,44,中大型车,21.78,33.18
元PLUS,聊城,44,SUV,13.98,16.78
秦PLUS,开封,44,紧凑型车,11.38,17.88
秦Pro新能源,惠州,44,紧凑型车,13.69,20.49
宋Pro新能源,黄石,44,SUV,14.08,16.58
宋Pro新能源,黄冈,44,SUV,14.08,16.58
秦PLUS,常德,44,紧凑型车,11.38,17.88
唐新能源,包头,44,SUV,20.98,34.28
秦PLUS,驻马店,43,紧凑型车,11.38,17.88
宋Pro新能源,淄博,43,SUV,14.08,16.58
宋PLUS新能源,咸宁,43,SUV,15.48,21.88
秦PLUS,信阳,43,紧凑型车,11.38,17.88
海豚,许昌,43,小型车,11.68,13.68
比亚迪e3,无锡,43,紧凑型车,15.48,15.58
宋Pro新能源,十堰,43,SUV,14.08,16.58
宋新能源,苏州,43,SUV,0.00,0.00
宋Pro新能源,商洛,43,SUV,14.08,16.58
元PLUS,萍乡,43,SUV,13.98,16.78
宋PLUS新能源,乐山,43,SUV,15.48,21.88
秦Pro新能源,廊坊,43,紧凑型车,13.69,20.49
秦PLUS,焦作,43,紧凑型车,11.38,17.88
唐新能源,江门,43,SUV,20.98,34.28
驱逐舰05,嘉兴,43,紧凑型车,12.18,15.78
宋PLUS新能源,淮南,43,SUV,15.48,21.88
秦PLUS,怀化,43,紧凑型车,11.38,17.88
驱逐舰05,海口,43,紧凑型车,12.18,15.78
海豚,常德,43,小型车,11.68,13.68
海豚,安阳,43,小型车,11.68,13.68
唐新能源,镇江,42,SUV,20.98,34.28
海豚,永州,42,小型车,11.68,13.68
秦PLUS,益阳,42,紧凑型车,11.38,17.88
海豹,宜昌,42,中型车,21.28,28.98
汉,银川,42,中大型车,21.78,33.18
宋PLUS新能源,扬州,42,SUV,15.48,21.88
元PLUS,扬州,42,SUV,13.98,16.78
唐新能源,台州,42,SUV,20.98,34.28
宋新能源,石家庄,42,SUV,0.00,0.00
海豚,秦皇岛,42,小型车,11.68,13.68
海豹,淮安,42,中型车,21.28,28.98
汉,邯郸,42,中大型车,21.78,33.18
宋新能源,合肥,42,SUV,0.00,0.00
宋Pro新能源,桂林,42,SUV,14.08,16.58
汉,福州,42,中大型车,21.78,33.18
元PLUS,德州,42,SUV,13.98,16.78
汉,滨州,42,中大型车,21.78,33.18
宋Pro新能源,驻马店,41,SUV,14.08,16.58
汉,驻马店,41,中大型车,21.78,33.18
唐新能源,珠海,41,SUV,20.98,34.28
元PLUS,宜宾,41,SUV,13.98,16.78
秦Pro新能源,岳阳,41,紧凑型车,13.69,20.49
秦PLUS,岳阳,41,紧凑型车,11.38,17.88
唐新能源,新乡,41,SUV,20.98,34.28
唐新能源,威海,41,SUV,20.98,34.28
宋PLUS新能源,韶关,41,SUV,15.48,21.88
海豹,衢州,41,中型车,21.28,28.98
唐新能源,盘锦,41,SUV,20.98,34.28
海豚,莆田,41,小型车,11.68,13.68
海豚,泸州,41,小型车,11.68,13.68
海豚,漯河,41,小型车,11.68,13.68
秦PLUS,临沂,41,紧凑型车,11.38,17.88
秦PLUS,九江,41,紧凑型车,11.38,17.88
宋Pro新能源,呼和浩特,41,SUV,14.08,16.58
宋Pro新能源,哈尔滨,41,SUV,14.08,16.58
秦新能源,成都,41,紧凑型车,12.99,17.48
秦PLUS,滨州,41,紧凑型车,11.38,17.88
元PLUS,驻马店,40,SUV,13.98,16.78
秦PLUS,运城,40,紧凑型车,11.38,17.88
宋PLUS新能源,阳泉,40,SUV,15.48,21.88
宋Pro新能源,银川,40,SUV,14.08,16.58
汉,扬州,40,中大型车,21.78,33.18
秦Pro新能源,扬州,40,紧凑型车,13.69,20.49
唐新能源,潍坊,40,SUV,20.98,34.28
比亚迪D1,温州,40,MPV,15.78,16.78
汉,唐山,40,中大型车,21.78,33.18
驱逐舰05,绍兴,40,紧凑型车,12.18,15.78
汉,商丘,40,中大型车,21.78,33.18
驱逐舰05,青岛,40,紧凑型车,12.18,15.78
秦PLUS,濮阳,40,紧凑型车,11.38,17.88
元PLUS,眉山,40,SUV,13.98,16.78
汉,绵阳,40,中大型车,21.78,33.18
宋新能源,兰州,40,SUV,0.00,0.00
宋PLUS新能源,景德镇,40,SUV,15.48,21.88
宋PLUS新能源,揭阳,40,SUV,15.48,21.88
海豹,贵阳,40,中型车,21.28,28.98
宋Pro新能源,阜阳,40,SUV,14.08,16.58
驱逐舰05,保定,40,紧凑型车,12.18,15.78
汉,遵义,39,中大型车,21.78,33.18
宋Pro新能源,珠海,39,SUV,14.08,16.58
元PLUS,益阳,39,SUV,13.98,16.78
海豹,盐城,39,中型车,21.28,28.98
海豚,渭南,39,小型车,11.68,13.68
宋PLUS新能源,随州,39,SUV,15.48,21.88
唐新能源,平顶山,39,SUV,20.98,34.28
秦PLUS,莆田,39,紧凑型车,11.38,17.88
秦PLUS,六盘水,39,紧凑型车,11.38,17.88
汉,临沂,39,中大型车,21.78,33.18
驱逐舰05,济南,39,紧凑型车,12.18,15.78
比亚迪e6,东莞,39,MPV,0.00,0.00
海豚,北海,39,小型车,11.68,13.68
秦PLUS,亳州,39,紧凑型车,11.38,17.88
宋PLUS新能源,蚌埠,39,SUV,15.48,21.88
秦Pro新能源,中山,38,紧凑型车,13.69,20.49
秦PLUS,肇庆,38,紧凑型车,11.38,17.88
唐新能源,烟台,38,SUV,20.98,34.28
元PLUS,南阳,38,SUV,13.98,16.78
秦Pro新能源,梅州,38,紧凑型车,13.69,20.49
宋Pro新能源,漯河,38,SUV,14.08,16.58
宋Pro新能源,连云港,38,SUV,14.08,16.58
元PLUS,开封,38,SUV,13.98,16.78
海豚,晋中,38,小型车,11.68,13.68
海豚,揭阳,38,小型车,11.68,13.68
宋PLUS新能源,鹤壁,38,SUV,15.48,21.88
秦PLUS,呼和浩特,38,紧凑型车,11.38,17.88
秦Pro新能源,阜阳,38,紧凑型车,13.69,20.49
驱逐舰05,银川,37,紧凑型车,12.18,15.78
比亚迪e3,宣城,37,紧凑型车,15.48,15.58
秦新能源,湘潭,37,紧凑型车,12.99,17.48
宋PLUS新能源,乌海,37,SUV,15.48,21.88
秦PLUS,泰安,37,紧凑型车,11.38,17.88
海豹,太原,37,中型车,21.28,28.98
宋PLUS新能源,朔州,37,SUV,15.48,21.88
海豚,南充,37,小型车,11.68,13.68
宋PLUS新能源,茂名,37,SUV,15.48,21.88
秦PLUS,柳州,37,紧凑型车,11.38,17.88
唐新能源,廊坊,37,SUV,20.98,34.28
秦新能源,惠州,37,紧凑型车,12.99,17.48
秦Pro新能源,河源,37,紧凑型车,13.69,20.49
秦PLUS,湖州,37,紧凑型车,11.38,17.88
宋Pro新能源,衡阳,37,SUV,14.08,16.58
比亚迪e3,桂林,37,紧凑型车,15.48,15.58
秦新能源,广州,37,紧凑型车,12.99,17.48
元PLUS,长春,37,SUV,13.98,16.78
唐新能源,滨州,37,SUV,20.98,34.28
宋Pro新能源,安阳,37,SUV,14.08,16.58
秦PLUS,淄博,36,紧凑型车,11.38,17.88
元PLUS,肇庆,36,SUV,13.98,16.78
海豚,信阳,36,小型车,11.68,13.68
秦新能源,徐州,36,紧凑型车,12.99,17.48
秦新能源,台州,36,紧凑型车,12.99,17.48
宋新能源,太原,36,SUV,0.00,0.00
元PLUS,宿州,36,SUV,13.98,16.78
秦PLUS,三亚,36,紧凑型车,11.38,17.88
海豚,荆门,36,小型车,11.68,13.68
海豚,景德镇,36,小型车,11.68,13.68
海豚,怀化,36,小型车,11.68,13.68
驱逐舰05,贵阳,36,紧凑型车,12.18,15.78
秦新能源,佛山,36,紧凑型车,12.99,17.48
秦PLUS,承德,36,紧凑型车,11.38,17.88
唐新能源,宝鸡,36,SUV,20.98,34.28
海豚,湛江,35,小型车,11.68,13.68
秦Pro新能源,淄博,35,紧凑型车,13.69,20.49
元PLUS,永州,35,SUV,13.98,16.78
汉,新乡,35,中大型车,21.78,33.18
秦PLUS,西宁,35,紧凑型车,11.38,17.88
宋Pro新能源,芜湖,35,SUV,14.08,16.58
秦PLUS,芜湖,35,紧凑型车,11.38,17.88
宋Pro新能源,商丘,35,SUV,14.08,16.58
元PLUS,清远,35,SUV,13.98,16.78
宋PLUS新能源,盘锦,35,SUV,15.48,21.88
唐新能源,南阳,35,SUV,20.98,34.28
唐新能源,漯河,35,SUV,20.98,34.28
海豚,六盘水,35,小型车,11.68,13.68
汉,连云港,35,中大型车,21.78,33.18
唐新能源,连云港,35,SUV,20.98,34.28
汉,济宁,35,中大型车,21.78,33.18
宋PLUS新能源,晋城,35,SUV,15.48,21.88
秦Pro新能源,郴州,35,紧凑型车,13.69,20.49
唐新能源,潮州,35,SUV,20.98,34.28
宋PLUS新能源,承德,35,SUV,15.48,21.88
秦PLUS,安庆,35,紧凑型车,11.38,17.88
秦Pro新能源,遵义,34,紧凑型车,13.69,20.49
汉,宜春,34,中大型车,21.78,33.18
唐新能源,宜春,34,SUV,20.98,34.28
元PLUS,榆林,34,SUV,13.98,16.78
海豚,咸宁,34,小型车,11.68,13.68
元PLUS,信阳,34,SUV,13.98,16.78
元PLUS,许昌,34,SUV,13.98,16.78
宋Pro新能源,潍坊,34,SUV,14.08,16.58
海豚,铜陵,34,小型车,11.68,13.68
海豚,宿州,34,小型车,11.68,13.68
宋PLUS新能源,遂宁,34,SUV,15.48,21.88
宋Pro新能源,汕头,34,SUV,14.08,16.58
秦Pro新能源,三亚,34,紧凑型车,13.69,20.49
元PLUS,衢州,34,SUV,13.98,16.78
唐新能源,濮阳,34,SUV,20.98,34.28
宋新能源,南阳,34,SUV,0.00,0.00
元PLUS,兰州,34,SUV,13.98,16.78
宋Pro新能源,济宁,34,SUV,14.08,16.58
宋Pro新能源,晋城,34,SUV,14.08,16.58
汉,江门,34,中大型车,21.78,33.18
秦Pro新能源,荆州,34,紧凑型车,13.69,20.49
秦Pro新能源,衡水,34,紧凑型车,13.69,20.49
汉,黄冈,34,中大型车,21.78,33.18
唐新能源,衡阳,34,SUV,20.98,34.28
宋PLUS新能源,贵港,34,SUV,15.48,21.88
元PLUS,赣州,34,SUV,13.98,16.78
唐新能源,福州,34,SUV,20.98,34.28
宋Pro新能源,大庆,34,SUV,14.08,16.58
驱逐舰05,周口,33,紧凑型车,12.18,15.78
海豹,珠海,33,中型车,21.28,28.98
宋PLUS新能源,玉溪,33,SUV,15.48,21.88
元PLUS,阳泉,33,SUV,13.98,16.78
宋PLUS新能源,通辽,33,SUV,15.48,21.88
海豹,宿迁,33,中型车,21.28,28.98
海豚,朔州,33,小型车,11.68,13.68
元PLUS,十堰,33,SUV,13.98,16.78
海豚,三门峡,33,小型车,11.68,13.68
秦新能源,泉州,33,紧凑型车,12.99,17.48
宋Pro新能源,秦皇岛,33,SUV,14.08,16.58
宋新能源,平顶山,33,SUV,0.00,0.00
宋PLUS新能源,眉山,33,SUV,15.48,21.88
海豚,茂名,33,小型车,11.68,13.68
宋PLUS新能源,娄底,33,SUV,15.48,21.88
元PLUS,六安,33,SUV,13.98,16.78
汉,兰州,33,中大型车,21.78,33.18
元PLUS,焦作,33,SUV,13.98,16.78
秦新能源,嘉兴,33,紧凑型车,12.99,17.48
宋Pro新能源,九江,33,SUV,14.08,16.58
汉,呼和浩特,33,中大型车,21.78,33.18
宋MAX新能源,东莞,33,MPV,14.78,17.48
海豚,宝鸡,33,小型车,11.68,13.68
秦新能源,安顺,33,紧凑型车,12.99,17.48
宋PLUS新能源,安顺,33,SUV,15.48,21.88
秦新能源,安康,33,紧凑型车,12.99,17.48
秦新能源,张家界,32,紧凑型车,12.99,17.48
汉,珠海,32,中大型车,21.78,33.18
元PLUS,云浮,32,SUV,13.98,16.78
宋新能源,银川,32,SUV,0.00,0.00
元PLUS,宣城,32,SUV,13.98,16.78
海豚,梧州,32,小型车,11.68,13.68
海豚,威海,32,小型车,11.68,13.68
秦PLUS,商洛,32,紧凑型车,11.38,17.88
唐新能源,秦皇岛,32,SUV,20.98,34.28
宋Pro新能源,平顶山,32,SUV,14.08,16.58
秦PLUS,盘锦,32,紧凑型车,11.38,17.88
元PLUS,梅州,32,SUV,13.98,16.78
秦PLUS,眉山,32,紧凑型车,11.38,17.88
宋Pro新能源,临沂,32,SUV,14.08,16.58
唐新能源,乐山,32,SUV,20.98,34.28
宋PLUS新能源,酒泉,32,SUV,15.48,21.88
唐新能源,衡水,32,SUV,20.98,34.28
宋Pro新能源,湖州,32,SUV,14.08,16.58
海豚,贵港,32,小型车,11.68,13.68
秦PLUS,长治,32,紧凑型车,11.38,17.88
秦PLUS,滁州,32,紧凑型车,11.38,17.88
海豚,长春,32,小型车,11.68,13.68
宋新能源,保定,32,SUV,0.00,0.00
海豚,安顺,32,小型车,11.68,13.68
宋Pro新能源,周口,31,SUV,14.08,16.58
秦Pro新能源,湛江,31,紧凑型车,13.69,20.49
秦PLUS,宜春,31,紧凑型车,11.38,17.88
宋Pro新能源,盐城,31,SUV,14.08,16.58
海豹,烟台,31,中型车,21.28,28.98
汉,襄阳,31,中大型车,21.78,33.18
秦PLUS,湘潭,31,紧凑型车,11.38,17.88
元PLUS,威海,31,SUV,13.98,16.78
海豚,乌鲁木齐,31,小型车,11.68,13.68
秦PLUS,铜仁,31,紧凑型车,11.38,17.88
宋PLUS新能源,铜仁,31,SUV,15.48,21.88
宋PLUS新能源,铜陵,31,SUV,15.48,21.88
元PLUS,铜陵,31,SUV,13.98,16.78
元PLUS,日照,31,SUV,13.98,16.78
宋PLUS新能源,庆阳,31,SUV,15.48,21.88
秦新能源,衢州,31,紧凑型车,12.99,17.48
元PLUS,秦皇岛,31,SUV,13.98,16.78
汉,漯河,31,中大型车,21.78,33.18
驱逐舰05,柳州,31,紧凑型车,12.18,15.78
秦新能源,开封,31,紧凑型车,12.99,17.48
宋Pro新能源,衡水,31,SUV,14.08,16.58
驱逐舰05,阜阳,31,紧凑型车,12.18,15.78
海豚,郴州,31,小型车,11.68,13.68
汉,安阳,31,中大型车,21.78,33.18
宋PLUS新能源,漳州,30,SUV,15.48,21.88
秦PLUS,营口,30,紧凑型车,11.38,17.88
驱逐舰05,烟台,30,紧凑型车,12.18,15.78
宋Pro新能源,许昌,30,SUV,14.08,16.58
元PLUS,梧州,30,SUV,13.98,16.78
秦PLUS,曲靖,30,紧凑型车,11.38,17.88
唐新能源,泉州,30,SUV,20.98,34.28
汉,南阳,30,中大型车,21.78,33.18
秦新能源,南昌,30,紧凑型车,12.99,17.48
汉,梅州,30,中大型车,21.78,33.18
元PLUS,马鞍山,30,SUV,13.98,16.78
海豹,丽水,30,中型车,21.28,28.98
驱逐舰05,连云港,30,紧凑型车,12.18,15.78
海豹,连云港,30,中型车,21.28,28.98
海豹,洛阳,30,中型车,21.28,28.98
驱逐舰05,昆明,30,紧凑型车,12.18,15.78
驱逐舰05,金华,30,紧凑型车,12.18,15.78
驱逐舰05,菏泽,30,紧凑型车,12.18,15.78
元PLUS,河源,30,SUV,13.98,16.78
秦新能源,黄冈,30,紧凑型车,12.99,17.48
秦Pro新能源,赣州,30,紧凑型车,13.69,20.49
驱逐舰05,福州,30,紧凑型车,12.18,15.78
唐新能源,德阳,30,SUV,20.98,34.28
宋Pro新能源,大同,30,SUV,14.08,16.58
秦PLUS,大同,30,紧凑型车,11.38,17.88
驱逐舰05,大连,30,紧凑型车,12.18,15.78
宋Pro新能源,郴州,30,SUV,14.08,16.58
宋Pro新能源,常德,30,SUV,14.08,16.58
秦新能源,肇庆,29,紧凑型车,12.99,17.48
秦新能源,宜宾,29,紧凑型车,12.99,17.48
唐新能源,盐城,29,SUV,20.98,34.28
汉,岳阳,29,中大型车,21.78,33.18
宋Pro新能源,岳阳,29,SUV,14.08,16.58
汉,宜昌,29,中大型车,21.78,33.18
元PLUS,孝感,29,SUV,13.98,16.78
驱逐舰05,襄阳,29,紧凑型车,12.18,15.78
元PLUS,湘潭,29,SUV,13.98,16.78
汉,宿迁,29,中大型车,21.78,33.18
宋PLUS新能源,松原,29,SUV,15.48,21.88
秦PLUS,三明,29,紧凑型车,11.38,17.88
海豹,石家庄,29,中型车,21.28,28.98
宋PLUS新能源,钦州,29,SUV,15.48,21.88
海豚,清远,29,小型车,11.68,13.68
宋PLUS新能源,平凉,29,SUV,15.48,21.88
汉,平顶山,29,中大型车,21.78,33.18
秦PLUS,梅州,29,紧凑型车,11.38,17.88
唐新能源,眉山,29,SUV,20.98,34.28
海豚,眉山,29,小型车,11.68,13.68
驱逐舰05,绵阳,29,紧凑型车,12.18,15.78
秦PLUS,龙岩,29,紧凑型车,11.38,17.88
唐新能源,柳州,29,SUV,20.98,34.28
秦PLUS,晋城,29,紧凑型车,11.38,17.88
宋Pro新能源,焦作,29,SUV,14.08,16.58
汉,揭阳,29,中大型车,21.78,33.18
唐新能源,揭阳,29,SUV,20.98,34.28
海豹,九江,29,中型车,21.28,28.98
宋新能源,济南,29,SUV,0.00,0.00
海豚,淮南,29,小型车,11.68,13.68
元PLUS,淮安,29,SUV,13.98,16.78
唐新能源,湖州,29,SUV,20.98,34.28
唐新能源,黄石,29,SUV,20.98,34.28
唐新能源,黄冈,29,SUV,20.98,34.28
驱逐舰05,衡阳,29,紧凑型车,12.18,15.78
宋PLUS新能源,北海,29,SUV,15.48,21.88
海豚,安康,29,小型车,11.68,13.68
海豚,安庆,29,小型车,11.68,13.68
宋Pro新能源,株洲,28,SUV,14.08,16.58
秦Pro新能源,漳州,28,紧凑型车,13.69,20.49
唐新能源,驻马店,28,SUV,20.98,34.28
驱逐舰05,驻马店,28,紧凑型车,12.18,15.78
宋PLUS新能源,鹰潭,28,SUV,15.48,21.88
唐新能源,延安,28,SUV,20.98,34.28
秦新能源,烟台,28,紧凑型车,12.99,17.48
汉,信阳,28,中大型车,21.78,33.18
海豚,铜仁,28,小型车,11.68,13.68
驱逐舰05,台州,28,紧凑型车,12.18,15.78
宋新能源,唐山,28,SUV,0.00,0.00
元PLUS,韶关,28,SUV,13.98,16.78
汉,三亚,28,中大型车,21.78,33.18
唐新能源,清远,28,SUV,20.98,34.28
秦新能源,莆田,28,紧凑型车,12.99,17.48
宋Pro新能源,南充,28,SUV,14.08,16.58
元PLUS,南充,28,SUV,13.98,16.78
比亚迪e9,南京,28,中大型车,23.58,24.18
秦新能源,六盘水,28,紧凑型车,12.99,17.48
宋Pro新能源,聊城,28,SUV,14.08,16.58
汉,六安,28,中大型车,21.78,33.18
秦新能源,衡阳,28,紧凑型车,12.99,17.48
汉,赣州,28,中大型车,21.78,33.18
秦PLUS,抚州,28,紧凑型车,11.38,17.88
元PLUS,抚州,28,SUV,13.98,16.78
元PLUS,德阳,28,SUV,13.98,16.78
秦Pro新能源,池州,28,紧凑型车,13.69,20.49
元PLUS,郴州,28,SUV,13.98,16.78
秦PLUS,安顺,28,紧凑型车,11.38,17.88
海豹,遵义,27,中型车,21.28,28.98
宋PLUS新能源,云浮,27,SUV,15.48,21.88
宋Pro新能源,阳江,27,SUV,14.08,16.58
驱逐舰05,盐城,27,紧凑型车,12.18,15.78
唐新能源,宜昌,27,SUV,20.98,34.28
驱逐舰05,宜昌,27,紧凑型车,12.18,15.78
秦新能源,邢台,27,紧凑型车,12.99,17.48
唐新能源,西宁,27,SUV,20.98,34.28
唐新能源,渭南,27,SUV,20.98,34.28
元PLUS,天水,27,SUV,13.98,16.78
秦Pro新能源,韶关,27,紧凑型车,13.69,20.49
宋Pro新能源,宿迁,27,SUV,14.08,16.58
秦Pro新能源,邵阳,27,紧凑型车,13.69,20.49
秦PLUS,十堰,27,紧凑型车,11.38,17.88
秦PLUS,汕头,27,紧凑型车,11.38,17.88
宋PLUS新能源,三亚,27,SUV,15.48,21.88
宋新能源,沈阳,27,SUV,0.00,0.00
秦Pro新能源,秦皇岛,27,紧凑型车,13.69,20.49
宋新能源,南宁,27,SUV,0.00,0.00
海豹,绵阳,27,中型车,21.28,28.98
秦PLUS,泸州,27,紧凑型车,11.38,17.88
秦新能源,连云港,27,紧凑型车,12.99,17.48
秦新能源,洛阳,27,紧凑型车,12.99,17.48
秦Pro新能源,柳州,27,紧凑型车,13.69,20.49
秦Pro新能源,六安,27,紧凑型车,13.69,20.49
秦新能源,金华,27,紧凑型车,12.99,17.48
宋新能源,惠州,27,SUV,0.00,0.00
汉,淮安,27,中大型车,21.78,33.18
秦PLUS,哈尔滨,27,紧凑型车,11.38,17.88
元PLUS,哈尔滨,27,SUV,13.98,16.78
唐新能源,大同,27,SUV,20.98,34.28
宋PLUS新能源,毕节,27,SUV,15.48,21.88
宋Pro新能源,百色,27,SUV,14.08,16.58
元PLUS,自贡,26,SUV,13.98,16.78
秦PLUS,镇江,26,紧凑型车,11.38,17.88
宋新能源,中山,26,SUV,0.00,0.00
秦新能源,珠海,26,紧凑型车,12.99,17.48
秦Pro新能源,云浮,26,紧凑型车,13.69,20.49
驱逐舰05,玉林,26,紧凑型车,12.18,15.78
宋PLUS新能源,益阳,26,SUV,15.48,21.88
秦Pro新能源,襄阳,26,紧凑型车,13.69,20.49
海豹,襄阳,26,中型车,21.28,28.98
秦Pro新能源,梧州,26,紧凑型车,13.69,20.49
宋Pro新能源,乌鲁木齐,26,SUV,14.08,16.58
海豚,宿迁,26,小型车,11.68,13.68
元PLUS,汕尾,26,SUV,13.98,16.78
元PLUS,钦州,26,SUV,13.98,16.78
驱逐舰05,泉州,26,紧凑型车,12.18,15.78
海豚,平凉,26,小型车,11.68,13.68
秦Pro新能源,莆田,26,紧凑型车,13.69,20.49
秦PLUS,马鞍山,26,紧凑型车,11.38,17.88
元PLUS,吕梁,26,SUV,13.98,16.78
元PLUS,景德镇,26,SUV,13.98,16.78
秦Pro新能源,九江,26,紧凑型车,13.69,20.49
秦PLUS,淮安,26,紧凑型车,11.38,17.88
秦PLUS,黄石,26,紧凑型车,11.38,17.88
宋新能源,邯郸,26,SUV,0.00,0.00
宋MAX新能源,杭州,26,MPV,14.78,17.48
宋PLUS新能源,广元,26,SUV,15.48,21.88
唐新能源,阜阳,26,SUV,20.98,34.28
汉,潮州,26,中大型车,21.78,33.18
秦Pro新能源,长治,26,紧凑型车,13.69,20.49
秦Pro新能源,滁州,26,紧凑型车,13.69,20.49
驱逐舰05,北京,26,紧凑型车,12.18,15.78
元PLUS,舟山,25,SUV,13.98,16.78
秦PLUS,昭通,25,紧凑型车,11.38,17.88
驱逐舰05,枣庄,25,紧凑型车,12.18,15.78
海豹,淄博,25,中型车,21.28,28.98
元PLUS,玉林,25,SUV,13.98,16.78
海豚,益阳,25,小型车,11.68,13.68
宋Pro新能源,宜春,25,SUV,14.08,16.58
汉,榆林,25,中大型车,21.78,33.18
海豹,岳阳,25,中型车,21.28,28.98
海豹,银川,25,中型车,21.28,28.98
宋PLUS新能源,新余,25,SUV,15.48,21.88
秦PLUS,宣城,25,紧凑型车,11.38,17.88
海豚,宣城,25,小型车,11.68,13.68
海豹,咸阳,25,中型车,21.28,28.98
宋Pro新能源,渭南,25,SUV,14.08,16.58
秦PLUS,威海,25,紧凑型车,11.38,17.88
海豹,潍坊,25,中型车,21.28,28.98
海豹,芜湖,25,中型车,21.28,28.98
元PLUS,乌鲁木齐,25,SUV,13.98,16.78
宋PLUS新能源,天水,25,SUV,15.48,21.88
驱逐舰05,泰州,25,紧凑型车,12.18,15.78
宋Pro新能源,泰安,25,SUV,14.08,16.58
宋MAX新能源,天津,25,MPV,14.78,17.48
唐新能源,十堰,25,SUV,20.98,34.28
海豹,汕头,25,中型车,21.28,28.98
海豚,三亚,25,小型车,11.68,13.68
宋Pro新能源,三门峡,25,SUV,14.08,16.58
秦新能源,钦州,25,紧凑型车,12.99,17.48
海豚,钦州,25,小型车,11.68,13.68
秦Pro新能源,衢州,25,紧凑型车,13.69,20.49
宋PLUS新能源,攀枝花,25,SUV,15.48,21.88
宋新能源,南京,25,SUV,0.00,0.00
唐新能源,泸州,25,SUV,20.98,34.28
宋Pro新能源,泸州,25,SUV,14.08,16.58
元PLUS,丽水,25,SUV,13.98,16.78
宋Pro新能源,开封,25,SUV,14.08,16.58
宋PLUS新能源,吉安,25,SUV,15.48,21.88
元PLUS,贺州,25,SUV,13.98,16.78
海豹,黄冈,25,中型车,21.28,28.98
宋新能源,海口,25,SUV,0.00,0.00
驱逐舰05,长春,25,紧凑型车,12.18,15.78
秦新能源,镇江,24,紧凑型车,12.99,17.48
宋Pro新能源,湛江,24,SUV,14.08,16.58
宋Pro新能源,漳州,24,SUV,14.08,16.58
秦PLUS,枣庄,24,紧凑型车,11.38,17.88
宋PLUS新能源,张家口,24,SUV,15.48,21.88
海豚,张家口,24,小型车,11.68,13.68
驱逐舰05,珠海,24,紧凑型车,12.18,15.78
秦新能源,运城,24,紧凑型车,12.99,17.48
汉,孝感,24,中大型车,21.78,33.18
驱逐舰05,新乡,24,紧凑型车,12.18,15.78
秦新能源,铜仁,24,紧凑型车,12.99,17.48
唐新能源,泰州,24,SUV,20.98,34.28
秦新能源,太原,24,紧凑型车,12.99,17.48
唐新能源,汕头,24,SUV,20.98,34.28
驱逐舰05,商丘,24,紧凑型车,12.18,15.78
元PLUS,商洛,24,SUV,13.98,16.78
唐新能源,三门峡,24,SUV,20.98,34.28
唐新能源,济宁,24,SUV,20.98,34.28
元PLUS,荆门,24,SUV,13.98,16.78
唐新能源,晋城,24,SUV,20.98,34.28
唐新能源,荆州,24,SUV,20.98,34.28
驱逐舰05,邯郸,24,紧凑型车,12.18,15.78
汉,哈尔滨,24,中大型车,21.78,33.18
汉,德州,24,中大型车,21.78,33.18
宋PLUS新能源,赤峰,24,SUV,15.48,21.88
比亚迪e3,北海,24,紧凑型车,15.48,15.58
宋PLUS新能源,保山,24,SUV,15.48,21.88
海豚,保山,24,小型车,11.68,13.68
汉,包头,24,中大型车,21.78,33.18
秦Pro新能源,株洲,23,紧凑型车,13.69,20.49
海豚,忻州,23,小型车,11.68,13.68
秦PLUS,孝感,23,紧凑型车,11.38,17.88
海豚,孝感,23,小型车,11.68,13.68
唐新能源,襄阳,23,SUV,20.98,34.28
护卫舰07,西安,23,SUV,20.28,28.98
秦Pro新能源,潍坊,23,紧凑型车,13.69,20.49
海豚,韶关,23,小型车,11.68,13.68
汉,宿州,23,中大型车,21.78,33.18
元PLUS,三门峡,23,SUV,13.98,16.78
海豚,萍乡,23,小型车,11.68,13.68
宋Pro新能源,盘锦,23,SUV,14.08,16.58
元PLUS,盘锦,23,SUV,13.98,16.78
汉,濮阳,23,中大型车,21.78,33.18
宋PLUS新能源,内江,23,SUV,15.48,21.88
唐新能源,南充,23,SUV,20.98,34.28
汉,眉山,23,中大型车,21.78,33.18
秦Pro新能源,眉山,23,紧凑型车,13.69,20.49
宋Pro新能源,马鞍山,23,SUV,14.08,16.58
秦Pro新能源,泸州,23,紧凑型车,13.69,20.49
海豚,娄底,23,小型车,11.68,13.68
秦Pro新能源,连云港,23,紧凑型车,13.69,20.49
宋PLUS新能源,拉萨,23,SUV,15.48,21.88
唐新能源,聊城,23,SUV,20.98,34.28
元PLUS,晋中,23,SUV,13.98,16.78
驱逐舰05,济宁,23,紧凑型车,12.18,15.78
海豚,吉安,23,小型车,11.68,13.68
汉,九江,23,中大型车,21.78,33.18
秦新能源,九江,23,紧凑型车,12.99,17.48
秦新能源,湖州,23,紧凑型车,12.99,17.48
汉,黄石,23,中大型车,21.78,33.18
海豚,广安,23,小型车,11.68,13.68
秦PLUS,桂林,23,紧凑型车,11.38,17.88
秦PLUS,郴州,23,紧凑型车,11.38,17.88
秦PLUS,潮州,23,紧凑型车,11.38,17.88
汉,长治,23,中大型车,21.78,33.18
宋新能源,沧州,23,SUV,0.00,0.00
秦Pro新能源,滨州,23,紧凑型车,13.69,20.49
宋Pro新能源,亳州,23,SUV,14.08,16.58
驱逐舰05,亳州,23,紧凑型车,12.18,15.78
秦Pro新能源,包头,23,紧凑型车,13.69,20.49
唐新能源,湛江,22,SUV,20.98,34.28
秦PLUS,湛江,22,紧凑型车,11.38,17.88
秦PLUS,张家界,22,紧凑型车,11.38,17.88
宋Pro新能源,肇庆,22,SUV,14.08,16.58
唐新能源,运城,22,SUV,20.98,34.28
秦PLUS,新余,22,紧凑型车,11.38,17.88
秦PLUS,咸宁,22,紧凑型车,11.38,17.88
海豹,新乡,22,中型车,21.28,28.98
汉,宣城,22,中大型车,21.78,33.18
秦Pro新能源,湘潭,22,紧凑型车,13.69,20.49
宋Pro新能源,乌兰察布,22,SUV,14.08,16.58
元PLUS,渭南,22,SUV,13.98,16.78
宋Pro新能源,威海,22,SUV,14.08,16.58
秦PLUS,通辽,22,紧凑型车,11.38,17.88
秦PLUS,宿迁,22,紧凑型车,11.38,17.88
海豹,上饶,22,中型车,21.28,28.98
驱逐舰05,汕头,22,紧凑型车,12.18,15.78
宋MAX新能源,苏州,22,MPV,14.78,17.48
唐新能源,商丘,22,SUV,20.98,34.28
宋PLUS新能源,商洛,22,SUV,15.48,21.88
宋Pro新能源,眉山,22,SUV,14.08,16.58
驱逐舰05,临沂,22,紧凑型车,12.18,15.78
汉,柳州,22,中大型车,21.78,33.18
汉,开封,22,中大型车,21.78,33.18
宋新能源,济宁,22,SUV,0.00,0.00
汉,焦作,22,中大型车,21.78,33.18
宋PLUS新能源,锦州,22,SUV,15.48,21.88
海豹,荆州,22,中型车,21.28,28.98
宋新能源,嘉兴,22,SUV,0.00,0.00
元PLUS,淮南,22,SUV,13.98,16.78
秦Pro新能源,淮安,22,紧凑型车,13.69,20.49
宋Pro新能源,汉中,22,SUV,14.08,16.58
秦新能源,杭州,22,紧凑型车,12.99,17.48
汉,抚州,22,中大型车,21.78,33.18
秦Pro新能源,鄂尔多斯,22,紧凑型车,13.69,20.49
唐新能源,东营,22,SUV,20.98,34.28
秦Pro新能源,德州,22,紧凑型车,13.69,20.49
秦Pro新能源,保山,22,紧凑型车,13.69,20.49
元PLUS,保山,22,SUV,13.98,16.78
海豹,保定,22,中型车,21.28,28.98
唐新能源,安阳,22,SUV,20.98,34.28
唐新能源,遵义,21,SUV,20.98,34.28
宋新能源,周口,21,SUV,0.00,0.00
宋Pro新能源,枣庄,21,SUV,14.08,16.58
秦PLUS,云浮,21,紧凑型车,11.38,17.88
汉,运城,21,中大型车,21.78,33.18
秦PLUS,永州,21,紧凑型车,11.38,17.88
驱逐舰05,宜宾,21,紧凑型车,12.18,15.78
海豹,宜宾,21,中型车,21.28,28.98
唐新能源,阳江,21,SUV,20.98,34.28
宋新能源,新乡,21,SUV,0.00,0.00
汉,许昌,21,中大型车,21.78,33.18
海豚,乌海,21,小型车,11.68,13.68
秦PLUS,韶关,21,紧凑型车,11.38,17.88
秦Pro新能源,宿迁,21,紧凑型车,13.69,20.49
海豹,邵阳,21,中型车,21.28,28.98
汉,汕头,21,中大型车,21.78,33.18
宋Pro新能源,三亚,21,SUV,14.08,16.58
比亚迪e3,沈阳,21,紧凑型车,15.48,15.58
宋Pro新能源,茂名,21,SUV,14.08,16.58
秦PLUS,绵阳,21,紧凑型车,11.38,17.88
秦Pro新能源,龙岩,21,紧凑型车,13.69,20.49
秦PLUS,乐山,21,紧凑型车,11.38,17.88
宋Pro新能源,六安,21,SUV,14.08,16.58
唐新能源,开封,21,SUV,20.98,34.28
宋新能源,昆明,21,SUV,0.00,0.00
驱逐舰05,江门,21,紧凑型车,12.18,15.78
宋PLUS新能源,贺州,21,SUV,15.48,21.88
驱逐舰05,抚州,21,紧凑型车,12.18,15.78
比亚迪e3,福州,21,紧凑型车,15.48,15.58
宋PLUS新能源,潮州,21,SUV,15.48,21.88
驱逐舰05,沧州,21,紧凑型车,12.18,15.78
海豹,滁州,21,中型车,21.28,28.98
秦Pro新能源,长春,21,紧凑型车,13.69,20.49
秦新能源,巴中,21,紧凑型车,12.99,17.48
元PLUS,宝鸡,21,SUV,13.98,16.78
汉,蚌埠,21,中大型车,21.78,33.18
秦新能源,北京,21,紧凑型车,12.99,17.48
汉,安庆,21,中大型车,21.78,33.18
宋Pro新能源,鞍山,21,SUV,14.08,16.58
唐新能源,自贡,20,SUV,20.98,34.28
驱逐舰05,株洲,20,紧凑型车,12.18,15.78
海豚,漳州,20,小型车,11.68,13.68
秦Pro新能源,玉溪,20,紧凑型车,13.69,20.49
元PLUS,阳江,20,SUV,13.98,16.78
海豚,雅安,20,小型车,11.68,13.68
元PLUS,忻州,20,SUV,13.98,16.78
海豚,新余,20,小型车,11.68,13.68
唐新能源,孝感,20,SUV,20.98,34.28
秦新能源,咸阳,20,紧凑型车,12.99,17.48
驱逐舰05,厦门,20,紧凑型车,12.18,15.78
比亚迪e3,芜湖,20,紧凑型车,15.48,15.58
驱逐舰05,乌鲁木齐,20,紧凑型车,12.18,15.78
海豹,唐山,20,中型车,21.28,28.98
比亚迪D1,太原,20,MPV,15.78,16.78
宋PLUS新能源,汕尾,20,SUV,15.48,21.88
宋新能源,商丘,20,SUV,0.00,0.00
宋Pro新能源,曲靖,20,SUV,14.08,16.58
海豹,萍乡,20,中型车,21.28,28.98
比亚迪e3,莆田,20,紧凑型车,15.48,15.58
汉,南充,20,中大型车,21.78,33.18
唐新能源,茂名,20,SUV,20.98,34.28
秦PLUS,吕梁,20,紧凑型车,11.38,17.88
秦Pro新能源,丽水,20,紧凑型车,13.69,20.49
宋PLUS新能源,丽水,20,SUV,15.48,21.88
海豚,丽水,20,小型车,11.68,13.68
秦PLUS,聊城,20,紧凑型车,11.38,17.88
秦Pro新能源,济宁,20,紧凑型车,13.69,20.49
宋Pro新能源,荆门,20,SUV,14.08,16.58
宋PLUS新能源,淮北,20,SUV,15.48,21.88
唐新能源,菏泽,20,SUV,20.98,34.28
海豹,菏泽,20,中型车,21.28,28.98
汉,河源,20,中大型车,21.78,33.18
海豚,鹤壁,20,小型车,11.68,13.68
海豚,黄山,20,小型车,11.68,13.68
汉,衡水,20,中大型车,21.78,33.18
宋新能源,黄冈,20,SUV,0.00,0.00
秦Pro新能源,黄冈,20,紧凑型车,13.69,20.49
唐新能源,广安,20,SUV,20.98,34.28
元PLUS,广安,20,SUV,13.98,16.78
唐新能源,赣州,20,SUV,20.98,34.28
比亚迪e3,赣州,20,紧凑型车,15.48,15.58
汉,桂林,20,中大型车,21.78,33.18
驱逐舰05,桂林,20,紧凑型车,12.18,15.78
海豚,鄂尔多斯,20,小型车,11.68,13.68
汉,东营,20,中大型车,21.78,33.18
海豚,大同,20,小型车,11.68,13.68
宋PLUS新能源,池州,20,SUV,15.48,21.88
宋Pro新能源,滁州,20,SUV,14.08,16.58
驱逐舰05,滁州,20,紧凑型车,12.18,15.78
宋新能源,长春,20,SUV,0.00,0.00
元PLUS,巴中,20,SUV,13.98,16.78
宋新能源,滨州,20,SUV,0.00,0.00
宋新能源,包头,20,SUV,0.00,0.00
唐新能源,蚌埠,20,SUV,20.98,34.28
秦PLUS,蚌埠,20,紧凑型车,11.38,17.88
驱逐舰05,遵义,19,紧凑型车,12.18,15.78
元PLUS,周口,19,SUV,13.98,16.78
驱逐舰05,镇江,19,紧凑型车,12.18,15.78
秦新能源,昭通,19,紧凑型车,12.99,17.48
秦新能源,湛江,19,紧凑型车,12.99,17.48
宋Pro新能源,张家口,19,SUV,14.08,16.58
元PLUS,张家口,19,SUV,13.98,16.78
海豚,肇庆,19,小型车,11.68,13.68
海豚,云浮,19,小型车,11.68,13.68
宋Pro新能源,益阳,19,SUV,14.08,16.58
宋Pro新能源,营口,19,SUV,14.08,16.58
秦Pro新能源,宜春,19,紧凑型车,13.69,20.49
唐新能源,岳阳,19,SUV,20.98,34.28
驱逐舰05,扬州,19,紧凑型车,12.18,15.78
秦Pro新能源,宣城,19,紧凑型车,13.69,20.49
宋新能源,无锡,19,SUV,0.00,0.00
宋新能源,温州,19,SUV,0.00,0.00
宋PLUS新能源,铜川,19,SUV,15.48,21.88
唐新能源,邵阳,19,SUV,20.98,34.28
宋Pro新能源,邵阳,19,SUV,14.08,16.58
驱逐舰05,邵阳,19,紧凑型车,12.18,15.78
海豚,日照,19,小型车,11.68,13.68
宋Pro新能源,清远,19,SUV,14.08,16.58
汉,衢州,19,中大型车,21.78,33.18
汉,盘锦,19,中大型车,21.78,33.18
宋Pro新能源,宁德,19,SUV,14.08,16.58
海豚,内江,19,小型车,11.68,13.68
宋新能源,南昌,19,SUV,0.00,0.00
汉,泸州,19,中大型车,21.78,33.18
秦Pro新能源,临沂,19,紧凑型车,13.69,20.49
海豚,来宾,19,小型车,11.68,13.68
元PLUS,乐山,19,SUV,13.98,16.78
元PLUS,揭阳,19,SUV,13.98,16.78
唐新能源,吉林,19,SUV,20.98,34.28
海豚,河源,19,小型车,11.68,13.68
宋Pro新能源,鹤壁,19,SUV,14.08,16.58
元PLUS,鹤壁,19,SUV,13.98,16.78
海豹,阜阳,19,中型车,21.28,28.98
秦PLUS,东营,19,紧凑型车,11.38,17.88
比亚迪e3,大同,19,紧凑型车,15.48,15.58
元PLUS,大同,19,SUV,13.98,16.78
宋新能源,常州,19,SUV,0.00,0.00
海豹,长春,19,中型车,21.28,28.98
秦PLUS,百色,19,紧凑型车,11.38,17.88
海豹,滨州,19,中型车,21.28,28.98
元PLUS,安顺,19,SUV,13.98,16.78
宋Pro新能源,安庆,19,SUV,14.08,16.58
海豚,昭通,18,小型车,11.68,13.68
宋Pro新能源,云浮,18,SUV,14.08,16.58
宋Pro新能源,运城,18,SUV,14.08,16.58
汉,宜宾,18,中大型车,21.78,33.18
秦PLUS,阳江,18,紧凑型车,11.38,17.88
宋新能源,烟台,18,SUV,0.00,0.00
宋Pro新能源,孝感,18,SUV,14.08,16.58
宋Pro新能源,咸宁,18,SUV,14.08,16.58
宋新能源,徐州,18,SUV,0.00,0.00
汉,湘潭,18,中大型车,21.78,33.18
宋Pro新能源,湘潭,18,SUV,14.08,16.58
海豹,湘潭,18,中型车,21.28,28.98
宋PLUS新能源,梧州,18,SUV,15.48,21.88
汉,渭南,18,中大型车,21.78,33.18
驱逐舰05,芜湖,18,紧凑型车,12.18,15.78
唐新能源,韶关,18,SUV,20.98,34.28
海豹,韶关,18,中型车,21.28,28.98
秦PLUS,上饶,18,紧凑型车,11.38,17.88
汉,汕尾,18,中大型车,21.78,33.18
比亚迪e3,三门峡,18,紧凑型车,15.48,15.58
宋Pro新能源,钦州,18,SUV,14.08,16.58
元PLUS,平顶山,18,SUV,13.98,16.78
唐新能源,攀枝花,18,SUV,20.98,34.28
海豚,盘锦,18,小型车,11.68,13.68
秦Pro新能源,马鞍山,18,紧凑型车,13.69,20.49
汉,马鞍山,18,中大型车,21.78,33.18
元PLUS,娄底,18,SUV,13.98,16.78
海豹,临沂,18,中型车,21.28,28.98
秦Pro新能源,洛阳,18,紧凑型车,13.69,20.49
宋PLUS新能源,来宾,18,SUV,15.48,21.88
驱逐舰05,兰州,18,紧凑型车,12.18,15.78
驱逐舰05,开封,18,紧凑型车,12.18,15.78
海豹,济宁,18,中型车,21.28,28.98
唐新能源,酒泉,18,SUV,20.98,34.28
宋Pro新能源,怀化,18,SUV,14.08,16.58
汉,菏泽,18,中大型车,21.78,33.18
驱逐舰05,湖州,18,紧凑型车,12.18,15.78
驱逐舰05,呼和浩特,18,紧凑型车,12.18,15.78
秦新能源,桂林,18,紧凑型车,12.99,17.48
宋新能源,贵阳,18,SUV,0.00,0.00
宋MAX新能源,佛山,18,MPV,14.78,17.48
海豚,赤峰,18,小型车,11.68,13.68
秦PLUS,朝阳,18,紧凑型车,11.38,17.88
宋PLUS新能源,朝阳,18,SUV,15.48,21.88
秦新能源,长治,18,紧凑型车,12.99,17.48
海豚,承德,18,小型车,11.68,13.68
宋MAX新能源,成都,18,MPV,14.78,17.48
海豚,毕节,18,小型车,11.68,13.68
秦Pro新能源,亳州,18,紧凑型车,13.69,20.49
海豚,蚌埠,18,小型车,11.68,13.68
元PLUS,蚌埠,18,SUV,13.98,16.78
宋PLUS新能源,昭通,17,SUV,15.48,21.88
宋Pro新能源,玉林,17,SUV,14.08,16.58
秦Pro新能源,益阳,17,紧凑型车,13.69,20.49
海豹,宜春,17,中型车,21.28,28.98
秦PLUS,忻州,17,紧凑型车,11.38,17.88
宋新能源,邢台,17,SUV,0.00,0.00
秦Pro新能源,孝感,17,紧凑型车,13.69,20.49
秦新能源,宣城,17,紧凑型车,12.99,17.48
秦Pro新能源,咸阳,17,紧凑型车,13.69,20.49
唐新能源,信阳,17,SUV,20.98,34.28
宋新能源,信阳,17,SUV,0.00,0.00
唐新能源,湘潭,17,SUV,20.98,34.28
秦PLUS,梧州,17,紧凑型车,11.38,17.88
海豹,威海,17,中型车,21.28,28.98
驱逐舰05,潍坊,17,紧凑型车,12.18,15.78
秦Pro新能源,芜湖,17,紧凑型车,13.69,20.49
护卫舰07,武汉,17,SUV,20.28,28.98
汉,铜仁,17,中大型车,21.78,33.18
宋新能源,台州,17,SUV,0.00,0.00
驱逐舰05,唐山,17,紧凑型车,12.18,15.78
秦Pro新能源,汕头,17,紧凑型车,13.69,20.49
驱逐舰05,三亚,17,紧凑型车,12.18,15.78
秦Pro新能源,三明,17,紧凑型车,13.69,20.49
护卫舰07,深圳,17,SUV,20.28,28.98
护卫舰07,上海,17,SUV,20.28,28.98
海豚,庆阳,17,小型车,11.68,13.68
唐新能源,曲靖,17,SUV,20.98,34.28
秦PLUS,平凉,17,紧凑型车,11.38,17.88
驱逐舰05,濮阳,17,紧凑型车,12.18,15.78
海豚,南平,17,小型车,11.68,13.68
宋新能源,南通,17,SUV,0.00,0.00
宋MAX新能源,南宁,17,MPV,14.78,17.48
海豹,眉山,17,中型车,21.28,28.98
宋Pro新能源,娄底,17,SUV,14.08,16.58
海豚,龙岩,17,小型车,11.68,13.68
元PLUS,龙岩,17,SUV,13.98,16.78
秦PLUS,丽水,17,紧凑型车,11.38,17.88
宋PLUS新能源,辽阳,17,SUV,15.48,21.88
海豹,乐山,17,中型车,21.28,28.98
唐新能源,荆门,17,SUV,20.98,34.28
唐新能源,焦作,17,SUV,20.98,34.28
汉,吉安,17,中大型车,21.78,33.18
海豹,揭阳,17,中型车,21.28,28.98
驱逐舰05,九江,17,紧凑型车,12.18,15.78
秦PLUS,河源,17,紧凑型车,11.38,17.88
秦PLUS,汉中,17,紧凑型车,11.38,17.88
海豚,哈尔滨,17,小型车,11.68,13.68
宋Pro新能源,赣州,17,SUV,14.08,16.58
宋Pro新能源,德阳,17,SUV,14.08,16.58
海豹,大连,17,中型车,21.28,28.98
秦PLUS,赤峰,17,紧凑型车,11.38,17.88
宋Pro新能源,潮州,17,SUV,14.08,16.58
海豹,潮州,17,中型车,21.28,28.98
汉,滁州,17,中大型车,21.78,33.18
比亚迪e3,滁州,17,紧凑型车,15.48,15.58
秦新能源,长春,17,紧凑型车,12.99,17.48
宋Pro新能源,巴中,17,SUV,14.08,16.58
汉,亳州,17,中大型车,21.78,33.18
汉,株洲,16,中大型车,21.78,33.18
唐新能源,株洲,16,SUV,20.98,34.28
宋PLUS新能源,张家界,16,SUV,15.48,21.88
宋新能源,珠海,16,SUV,0.00,0.00
秦Pro新能源,永州,16,紧凑型车,13.69,20.49
唐新能源,宜宾,16,SUV,20.98,34.28
海豚,延安,16,小型车,11.68,13.68
唐新能源,扬州,16,SUV,20.98,34.28
宋Pro新能源,扬州,16,SUV,14.08,16.58
海豹,孝感,16,中型车,21.28,28.98
宋新能源,襄阳,16,SUV,0.00,0.00
宋新能源,咸阳,16,SUV,0.00,0.00
驱逐舰05,咸阳,16,紧凑型车,12.18,15.78
宋Pro新能源,西宁,16,SUV,14.08,16.58
唐新能源,许昌,16,SUV,20.98,34.28
元PLUS,乌海,16,SUV,13.98,16.78
秦PLUS,渭南,16,紧凑型车,11.38,17.88
汉,威海,16,中大型车,21.78,33.18
驱逐舰05,威海,16,紧凑型车,12.18,15.78
唐新能源,芜湖,16,SUV,20.98,34.28
秦Pro新能源,铜仁,16,紧凑型车,13.69,20.49
秦PLUS,铜陵,16,紧凑型车,11.38,17.88
汉,泰安,16,中大型车,21.78,33.18
驱逐舰05,宿迁,16,紧凑型车,12.18,15.78
宋新能源,绍兴,16,SUV,0.00,0.00
元PLUS,上饶,16,SUV,13.98,16.78
驱逐舰05,上饶,16,紧凑型车,12.18,15.78
唐新能源,遂宁,16,SUV,20.98,34.28
秦Pro新能源,十堰,16,紧凑型车,13.69,20.49
比亚迪e3,苏州,16,紧凑型车,15.48,15.58
海豹,沈阳,16,中型车,21.28,28.98
汉,清远,16,中大型车,21.78,33.18
宋新能源,青岛,16,SUV,0.00,0.00
秦PLUS,萍乡,16,紧凑型车,11.38,17.88
宋新能源,濮阳,16,SUV,0.00,0.00
汉,莆田,16,中大型车,21.78,33.18
海豹,莆田,16,中型车,21.28,28.98
元PLUS,宁德,16,SUV,13.98,16.78
宋新能源,南充,16,SUV,0.00,0.00
秦PLUS,南充,16,紧凑型车,11.38,17.88
宋新能源,漯河,16,SUV,0.00,0.00
秦新能源,娄底,16,紧凑型车,12.99,17.48
唐新能源,丽水,16,SUV,20.98,34.28
海豹,柳州,16,中型车,21.28,28.98
秦Pro新能源,晋中,16,紧凑型车,13.69,20.49
宋Pro新能源,吉安,16,SUV,14.08,16.58
汉,荆州,16,中大型车,21.78,33.18
驱逐舰05,怀化,16,紧凑型车,12.18,15.78
宋Pro新能源,菏泽,16,SUV,14.08,16.58
护卫舰07,广州,16,SUV,20.28,28.98
元PLUS,防城港,16,SUV,13.98,16.78
唐新能源,抚州,16,SUV,20.98,34.28
宋新能源,鄂尔多斯,16,SUV,0.00,0.00
唐新能源,达州,16,SUV,20.98,34.28
宋新能源,大连,16,SUV,0.00,0.00
汉,郴州,16,中大型车,21.78,33.18
海豹,沧州,16,中型车,21.28,28.98
元PLUS,百色,16,SUV,13.98,16.78
唐新能源,鞍山,16,SUV,20.98,34.28
秦PLUS,资阳,15,紧凑型车,11.38,17.88
元PLUS,资阳,15,SUV,13.98,16.78
海豹,株洲,15,中型车,21.28,28.98
宋MAX新能源,郑州,15,MPV,14.78,17.48
宋PLUS新能源,张掖,15,SUV,15.48,21.88
宋新能源,驻马店,15,SUV,0.00,0.00
宋新能源,淄博,15,SUV,0.00,0.00
汉,玉林,15,中大型车,21.78,33.18
汉,永州,15,中大型车,21.78,33.18
唐新能源,益阳,15,SUV,20.98,34.28
秦PLUS,宜宾,15,紧凑型车,11.38,17.88
唐新能源,阳泉,15,SUV,20.98,34.28
元PLUS,延安,15,SUV,13.98,16.78
海豹,榆林,15,中型车,21.28,28.98
驱逐舰05,信阳,15,紧凑型车,12.18,15.78
宋新能源,许昌,15,SUV,0.00,0.00
宋MAX新能源,西安,15,MPV,14.78,17.48
海豚,武威,15,小型车,11.68,13.68
秦新能源,潍坊,15,紧凑型车,12.99,17.48
宋新能源,乌鲁木齐,15,SUV,0.00,0.00
汉,韶关,15,中大型车,21.78,33.18
宋Pro新能源,宿州,15,SUV,14.08,16.58
驱逐舰05,宿州,15,紧凑型车,12.18,15.78
唐新能源,宿迁,15,SUV,20.98,34.28
汉,上饶,15,中大型车,21.78,33.18
宋Pro新能源,上饶,15,SUV,14.08,16.58
元PLUS,遂宁,15,SUV,13.98,16.78
宋Pro新能源,三明,15,SUV,14.08,16.58
比亚迪e3,三明,15,紧凑型车,15.48,15.58
驱逐舰05,日照,15,紧凑型车,12.18,15.78
元PLUS,普洱,15,SUV,13.98,16.78
宋Pro新能源,萍乡,15,SUV,14.08,16.58
驱逐舰05,莆田,15,紧凑型车,12.18,15.78
宋新能源,宁波,15,SUV,0.00,0.00
海豹,梅州,15,中型车,21.28,28.98
汉,茂名,15,中大型车,21.78,33.18
宋新能源,绵阳,15,SUV,0.00,0.00
海豚,吕梁,15,小型车,11.68,13.68
汉,丽水,15,中大型车,21.78,33.18
宋新能源,临沂,15,SUV,0.00,0.00
秦新能源,临沂,15,紧凑型车,12.99,17.48
宋新能源,金华,15,SUV,0.00,0.00
秦PLUS,荆门,15,紧凑型车,11.38,17.88
唐新能源,锦州,15,SUV,20.98,34.28
宋Pro新能源,荆州,15,SUV,14.08,16.58
秦PLUS,荆州,15,紧凑型车,11.38,17.88
秦Pro新能源,揭阳,15,紧凑型车,13.69,20.49
唐新能源,九江,15,SUV,20.98,34.28
宋Pro新能源,河源,15,SUV,14.08,16.58
秦PLUS,鹤壁,15,紧凑型车,11.38,17.88
海豹,衡阳,15,中型车,21.28,28.98
唐新能源,桂林,15,SUV,20.98,34.28
宋Pro新能源,东营,15,SUV,14.08,16.58
海豚,达州,15,小型车,11.68,13.68
唐新能源,德州,15,SUV,20.98,34.28
驱逐舰05,德州,15,紧凑型车,12.18,15.78
秦新能源,池州,15,紧凑型车,12.99,17.48
海豚,池州,15,小型车,11.68,13.68
元PLUS,池州,15,SUV,13.98,16.78
宋Pro新能源,长治,15,SUV,14.08,16.58
海豹,长治,15,中型车,21.28,28.98
宋MAX新能源,长沙,15,MPV,14.78,17.48
秦新能源,北海,15,紧凑型车,12.99,17.48
海豚,巴中,15,小型车,11.68,13.68
秦PLUS,白银,15,紧凑型车,11.38,17.88
宋Pro新能源,安康,15,SUV,14.08,16.58
驱逐舰05,安康,15,紧凑型车,12.18,15.78
秦Pro新能源,自贡,14,紧凑型车,13.69,20.49
宋Pro新能源,自贡,14,SUV,14.08,16.58
宋PLUS新能源,自贡,14,SUV,15.48,21.88
汉,舟山,14,中大型车,21.78,33.18
秦Pro新能源,舟山,14,紧凑型车,13.69,20.49
秦PLUS,舟山,14,紧凑型车,11.38,17.88
汉,漳州,14,中大型车,21.78,33.18
元PLUS,漳州,14,SUV,13.98,16.78
海豹,漳州,14,中型车,21.28,28.98
秦Pro新能源,枣庄,14,紧凑型车,13.69,20.49
驱逐舰05,淄博,14,紧凑型车,12.18,15.78
唐新能源,肇庆,14,SUV,20.98,34.28
元PLUS,玉溪,14,SUV,13.98,16.78
元PLUS,鹰潭,14,SUV,13.98,16.78
海豹,鹰潭,14,中型车,21.28,28.98
秦Pro新能源,营口,14,紧凑型车,13.69,20.49
元PLUS,营口,14,SUV,13.98,16.78
秦PLUS,阳泉,14,紧凑型车,11.38,17.88
汉,阳江,14,中大型车,21.78,33.18
比亚迪e3,银川,14,紧凑型车,15.48,15.58
宋新能源,孝感,14,SUV,0.00,0.00
宋新能源,西宁,14,SUV,0.00,0.00
比亚迪e3,徐州,14,紧凑型车,15.48,15.58
秦PLUS,乌兰察布,14,紧凑型车,11.38,17.88
宋Pro新能源,天水,14,SUV,14.08,16.58
唐新能源,泰安,14,SUV,20.98,34.28
元PLUS,松原,14,SUV,13.98,16.78
秦新能源,邵阳,14,紧凑型车,12.99,17.48
秦Pro新能源,上饶,14,紧凑型车,13.69,20.49
海豹,十堰,14,中型车,21.28,28.98
海豚,汕尾,14,小型车,11.68,13.68
宋新能源,商洛,14,SUV,0.00,0.00
宋MAX新能源,沈阳,14,MPV,14.78,17.48
秦PLUS,日照,14,紧凑型车,11.38,17.88
宋PLUS新能源,齐齐哈尔,14,SUV,15.48,21.88
秦PLUS,衢州,14,紧凑型车,11.38,17.88
汉,秦皇岛,14,中大型车,21.78,33.18
海豚,攀枝花,14,小型车,11.68,13.68
秦Pro新能源,南平,14,紧凑型车,13.69,20.49
驱逐舰05,南充,14,紧凑型车,12.18,15.78
秦新能源,南通,14,紧凑型车,12.99,17.48
唐新能源,马鞍山,14,SUV,20.98,34.28
海豹,泸州,14,中型车,21.28,28.98
汉,临汾,14,中大型车,21.78,33.18
驱逐舰05,临汾,14,紧凑型车,12.18,15.78
海豚,临沧,14,小型车,11.68,13.68
唐新能源,拉萨,14,SUV,20.98,34.28
宋新能源,聊城,14,SUV,0.00,0.00
汉,聊城,14,中大型车,21.78,33.18
海豹,聊城,14,中型车,21.28,28.98
海豹,六安,14,中型车,21.28,28.98
宋新能源,廊坊,14,SUV,0.00,0.00
汉,景德镇,14,中大型车,21.78,33.18
驱逐舰05,荆州,14,紧凑型车,12.18,15.78
唐新能源,葫芦岛,14,SUV,20.98,34.28
海豹,怀化,14,中型车,21.28,28.98
驱逐舰05,贺州,14,紧凑型车,12.18,15.78
秦Pro新能源,菏泽,14,紧凑型车,13.69,20.49
海豹,河源,14,中型车,21.28,28.98
宋MAX新能源,衡水,14,MPV,14.78,17.48
驱逐舰05,黄冈,14,紧凑型车,12.18,15.78
秦Pro新能源,呼和浩特,14,紧凑型车,13.69,20.49
秦PLUS,广安,14,紧凑型车,11.38,17.88
汉,德阳,14,中大型车,21.78,33.18
宋Pro新能源,达州,14,SUV,14.08,16.58
元PLUS,达州,14,SUV,13.98,16.78
秦新能源,大同,14,紧凑型车,12.99,17.48
秦Pro新能源,大同,14,紧凑型车,13.69,20.49
唐新能源,郴州,14,SUV,20.98,34.28
唐新能源,长治,14,SUV,20.98,34.28
驱逐舰05,长治,14,紧凑型车,12.18,15.78
唐新能源,常德,14,SUV,20.98,34.28
护卫舰07,重庆,14,SUV,20.28,28.98
元PLUS,北海,14,SUV,13.98,16.78
唐新能源,巴中,14,SUV,20.98,34.28
秦PLUS,巴彦淖尔,14,紧凑型车,11.38,17.88
秦PLUS,保山,14,紧凑型车,11.38,17.88
秦PLUS,宝鸡,14,紧凑型车,11.38,17.88
唐新能源,百色,14,SUV,20.98,34.28
秦新能源,亳州,14,紧凑型车,12.99,17.48
驱逐舰05,包头,14,紧凑型车,12.18,15.78
秦Pro新能源,蚌埠,14,紧凑型车,13.69,20.49
宋Pro新能源,蚌埠,14,SUV,14.08,16.58
驱逐舰05,蚌埠,14,紧凑型车,12.18,15.78
海豹,周口,13,中型车,21.28,28.98
护卫舰07,郑州,13,SUV,20.28,28.98
海豹,湛江,13,中型车,21.28,28.98
元PLUS,张家界,13,SUV,13.98,16.78
唐新能源,枣庄,13,SUV,20.98,34.28
唐新能源,永州,13,SUV,20.98,34.28
海豚,鹰潭,13,小型车,11.68,13.68
驱逐舰05,宜春,13,紧凑型车,12.18,15.78
驱逐舰05,榆林,13,紧凑型车,12.18,15.78
秦Pro新能源,银川,13,紧凑型车,13.69,20.49
元PLUS,新余,13,SUV,13.98,16.78
秦Pro新能源,咸宁,13,紧凑型车,13.69,20.49
唐新能源,宣城,13,SUV,20.98,34.28
海豹,宣城,13,中型车,21.28,28.98
比亚迪e3,温州,13,紧凑型车,15.48,15.58
海豹,铜陵,13,中型车,21.28,28.98
唐新能源,铜川,13,SUV,20.98,34.28
海豚,铜川,13,小型车,11.68,13.68
宋PLUS新能源,铁岭,13,SUV,15.48,21.88
秦Pro新能源,宿州,13,紧凑型车,13.69,20.49
海豹,宿州,13,中型车,21.28,28.98
秦Pro新能源,随州,13,紧凑型车,13.69,20.49
宋Pro新能源,随州,13,SUV,14.08,16.58
元PLUS,随州,13,SUV,13.98,16.78
汉,邵阳,13,中大型车,21.78,33.18
宋Pro新能源,遂宁,13,SUV,14.08,16.58
秦Pro新能源,汕尾,13,紧凑型车,13.69,20.49
宋新能源,汕头,13,SUV,0.00,0.00
唐新能源,商洛,13,SUV,20.98,34.28
宋PLUS新能源,三明,13,SUV,15.48,21.88
宋新能源,三门峡,13,SUV,0.00,0.00
汉,日照,13,中大型车,21.78,33.18
唐新能源,钦州,13,SUV,20.98,34.28
汉,曲靖,13,中大型车,21.78,33.18
海豹,曲靖,13,中型车,21.28,28.98
宋新能源,秦皇岛,13,SUV,0.00,0.00
元PLUS,内江,13,SUV,13.98,16.78
宋MAX新能源,宁波,13,MPV,14.78,17.48
比亚迪e3,南宁,13,紧凑型车,15.48,15.58
比亚迪e3,南昌,13,紧凑型车,15.48,15.58
唐新能源,梅州,13,SUV,20.98,34.28
宋Pro新能源,梅州,13,SUV,14.08,16.58
驱逐舰05,梅州,13,紧凑型车,12.18,15.78
驱逐舰05,茂名,13,紧凑型车,12.18,15.78
唐新能源,娄底,13,SUV,20.98,34.28
宋Pro新能源,乐山,13,SUV,14.08,16.58
海豹,荆门,13,中型车,21.28,28.98
汉,晋城,13,中大型车,21.78,33.18
驱逐舰05,焦作,13,紧凑型车,12.18,15.78
秦Pro新能源,吉安,13,紧凑型车,13.69,20.49
元PLUS,吉安,13,SUV,13.98,16.78
海豚,锦州,13,小型车,11.68,13.68
宋Pro新能源,揭阳,13,SUV,14.08,16.58
宋MAX新能源,惠州,13,MPV,14.78,17.48
唐新能源,淮南,13,SUV,20.98,34.28
秦新能源,怀化,13,紧凑型车,12.99,17.48
海豚,贺州,13,小型车,11.68,13.68
秦PLUS,河池,13,紧凑型车,11.38,17.88
汉,广安,13,中大型车,21.78,33.18
驱逐舰05,广安,13,紧凑型车,12.18,15.78
比亚迪D1,赣州,13,MPV,15.78,16.78
比亚迪e9,广州,13,中大型车,23.58,24.18
海豹,抚州,13,中型车,21.28,28.98
秦新能源,阜阳,13,紧凑型车,12.99,17.48
宋新能源,福州,13,SUV,0.00,0.00
汉,大庆,13,中大型车,21.78,33.18
宋Pro新能源,德州,13,SUV,14.08,16.58
元PLUS,潮州,13,SUV,13.98,16.78
海豹,常德,13,中型车,21.28,28.98
元PLUS,承德,13,SUV,13.98,16.78
秦PLUS,巴中,13,紧凑型车,11.38,17.88
唐新能源,资阳,12,SUV,20.98,34.28
唐新能源,周口,12,SUV,20.98,34.28
比亚迪e9,郑州,12,中大型车,23.58,24.18
汉,湛江,12,中大型车,21.78,33.18
唐新能源,漳州,12,SUV,20.98,34.28
宋Pro新能源,张掖,12,SUV,14.08,16.58
驱逐舰05,运城,12,紧凑型车,12.18,15.78
秦PLUS,玉林,12,紧凑型车,11.38,17.88
秦新能源,鹰潭,12,紧凑型车,12.99,17.48
汉,营口,12,中大型车,21.78,33.18
海豚,营口,12,小型车,11.68,13.68
汉,延安,12,中大型车,21.78,33.18
宋Pro新能源,雅安,12,SUV,14.08,16.58
秦PLUS,雅安,12,紧凑型车,11.38,17.88
宋PLUS新能源,雅安,12,SUV,15.48,21.88
秦PLUS,榆林,12,紧凑型车,11.38,17.88
驱逐舰05,湘潭,12,紧凑型车,12.18,15.78
宋Pro新能源,梧州,12,SUV,14.08,16.58
驱逐舰05,梧州,12,紧凑型车,12.18,15.78
秦PLUS,武威,12,紧凑型车,11.38,17.88
海豹,铜仁,12,中型车,21.28,28.98
汉,铜陵,12,中大型车,21.78,33.18
元PLUS,铜川,12,SUV,13.98,16.78
秦PLUS,铁岭,12,紧凑型车,11.38,17.88
驱逐舰05,韶关,12,紧凑型车,12.18,15.78
汉,遂宁,12,中大型车,21.78,33.18
海豚,遂宁,12,小型车,11.68,13.68
驱逐舰05,遂宁,12,紧凑型车,12.18,15.78
驱逐舰05,十堰,12,紧凑型车,12.18,15.78
秦新能源,庆阳,12,紧凑型车,12.99,17.48
驱逐舰05,曲靖,12,紧凑型车,12.18,15.78
宋新能源,泉州,12,SUV,0.00,0.00
秦新能源,萍乡,12,紧凑型车,12.99,17.48
汉,萍乡,12,中大型车,21.78,33.18
元PLUS,平凉,12,SUV,13.98,16.78
驱逐舰05,平顶山,12,紧凑型车,12.18,15.78
秦PLUS,宁德,12,紧凑型车,11.38,17.88
宋新能源,眉山,12,SUV,0.00,0.00
海豹,马鞍山,12,中型车,21.28,28.98
海豹,娄底,12,中型车,21.28,28.98
唐新能源,龙岩,12,SUV,20.98,34.28
汉,龙岩,12,中大型车,21.78,33.18
秦Pro新能源,六盘水,12,紧凑型车,13.69,20.49
秦Pro新能源,丽江,12,紧凑型车,13.69,20.49
驱逐舰05,乐山,12,紧凑型车,12.18,15.78
唐新能源,六安,12,SUV,20.98,34.28
驱逐舰05,六安,12,紧凑型车,12.18,15.78
宋新能源,开封,12,SUV,0.00,0.00
秦新能源,昆明,12,紧凑型车,12.99,17.48
秦PLUS,晋中,12,紧凑型车,11.38,17.88
驱逐舰05,荆门,12,紧凑型车,12.18,15.78
海豹,景德镇,12,中型车,21.28,28.98
秦Pro新能源,晋城,12,紧凑型车,13.69,20.49
宋MAX新能源,江门,12,MPV,14.78,17.48
唐新能源,怀化,12,SUV,20.98,34.28
元PLUS,怀化,12,SUV,13.98,16.78
驱逐舰05,淮安,12,紧凑型车,12.18,15.78
汉,汉中,12,中大型车,21.78,33.18
元PLUS,黄山,12,SUV,13.98,16.78
海豹,衡水,12,中型车,21.28,28.98
海豹,邯郸,12,中型车,21.28,28.98
比亚迪e3,合肥,12,紧凑型车,15.48,15.58
宋Pro新能源,广安,12,SUV,14.08,16.58
海豹,桂林,12,中型车,21.28,28.98
秦新能源,贵阳,12,紧凑型车,12.99,17.48
汉,防城港,12,中大型车,21.78,33.18
唐新能源,定西,12,SUV,20.98,34.28
秦Pro新能源,德阳,12,紧凑型车,13.69,20.49
唐新能源,大庆,12,SUV,20.98,34.28
宋Pro新能源,赤峰,12,SUV,14.08,16.58
唐新能源,滁州,12,SUV,20.98,34.28
秦Pro新能源,承德,12,紧凑型车,13.69,20.49
比亚迪D1,重庆,12,MPV,15.78,16.78
秦Pro新能源,毕节,12,紧凑型车,13.69,20.49
元PLUS,毕节,12,SUV,13.98,16.78
驱逐舰05,北海,12,紧凑型车,12.18,15.78
汉,巴中,12,中大型车,21.78,33.18
汉,巴彦淖尔,12,中大型车,21.78,33.18
宋新能源,宝鸡,12,SUV,0.00,0.00
秦新能源,本溪,12,紧凑型车,12.99,17.48
秦新能源,安庆,12,紧凑型车,12.99,17.48
秦Pro新能源,安庆,12,紧凑型车,13.69,20.49
宋Pro新能源,遵义,11,SUV,14.08,16.58
汉,自贡,11,中大型车,21.78,33.18
海豹,枣庄,11,中型车,21.28,28.98
汉,肇庆,11,中大型车,21.78,33.18
海豹,运城,11,中型车,21.28,28.98
汉,鹰潭,11,中大型车,21.78,33.18
宋Pro新能源,宜宾,11,SUV,14.08,16.58
唐新能源,忻州,11,SUV,20.98,34.28
宋Pro新能源,忻州,11,SUV,14.08,16.58
宋新能源,咸宁,11,SUV,0.00,0.00
汉,咸宁,11,中大型车,21.78,33.18
驱逐舰05,宣城,11,紧凑型车,12.18,15.78
宋Pro新能源,武威,11,SUV,14.08,16.58
宋新能源,渭南,11,SUV,0.00,0.00
驱逐舰05,渭南,11,紧凑型车,12.18,15.78
唐新能源,铜仁,11,SUV,20.98,34.28
唐新能源,铜陵,11,SUV,20.98,34.28
宋Pro新能源,通辽,11,SUV,14.08,16.58
唐新能源,铁岭,11,SUV,20.98,34.28
宋Pro新能源,铁岭,11,SUV,14.08,16.58
汉,十堰,11,中大型车,21.78,33.18
汉,三门峡,11,中大型车,21.78,33.18
宋Pro新能源,日照,11,SUV,14.08,16.58
汉,钦州,11,中大型车,21.78,33.18
驱逐舰05,钦州,11,紧凑型车,12.18,15.78
驱逐舰05,清远,11,紧凑型车,12.18,15.78
海豹,清远,11,中型车,21.28,28.98
秦PLUS,庆阳,11,紧凑型车,11.38,17.88
秦新能源,普洱,11,紧凑型车,12.99,17.48
秦Pro新能源,萍乡,11,紧凑型车,13.69,20.49
比亚迪e3,萍乡,11,紧凑型车,15.48,15.58
宋Pro新能源,攀枝花,11,SUV,14.08,16.58
汉,宁德,11,中大型车,21.78,33.18
秦Pro新能源,南阳,11,紧凑型车,13.69,20.49
秦Pro新能源,南充,11,紧凑型车,13.69,20.49
海豹,茂名,11,中型车,21.28,28.98
宋新能源,马鞍山,11,SUV,0.00,0.00
驱逐舰05,马鞍山,11,紧凑型车,12.18,15.78
秦Pro新能源,娄底,11,紧凑型车,13.69,20.49
宋Pro新能源,六盘水,11,SUV,14.08,16.58
比亚迪e3,临沂,11,紧凑型车,15.48,15.58
汉,乐山,11,中大型车,21.78,33.18
海豹,兰州,11,中型车,21.28,28.98
秦PLUS,克拉玛依,11,紧凑型车,11.38,17.88
海豹,开封,11,中型车,21.28,28.98
秦新能源,济宁,11,紧凑型车,12.99,17.48
汉,荆门,11,中大型车,21.78,33.18
宋新能源,焦作,11,SUV,0.00,0.00
宋新能源,荆州,11,SUV,0.00,0.00
宋Pro新能源,酒泉,11,SUV,14.08,16.58
驱逐舰05,揭阳,11,紧凑型车,12.18,15.78
宋Pro新能源,吉林,11,SUV,14.08,16.58
秦PLUS,葫芦岛,11,紧凑型车,11.38,17.88
秦新能源,淮南,11,紧凑型车,12.99,17.48
秦Pro新能源,怀化,11,紧凑型车,13.69,20.49
唐新能源,淮安,11,SUV,20.98,34.28
宋Pro新能源,河池,11,SUV,14.08,16.58
唐新能源,鹤壁,11,SUV,20.98,34.28
唐新能源,汉中,11,SUV,20.98,34.28
元PLUS,汉中,11,SUV,13.98,16.78
驱逐舰05,汉中,11,紧凑型车,12.18,15.78
秦PLUS,黄山,11,紧凑型车,11.38,17.88
秦新能源,黄石,11,紧凑型车,12.99,17.48
比亚迪D1,合肥,11,MPV,15.78,16.78
护卫舰07,杭州,11,SUV,20.28,28.98
海豚,广元,11,小型车,11.68,13.68
宋Pro新能源,阜新,11,SUV,14.08,16.58
秦PLUS,防城港,11,紧凑型车,11.38,17.88
宋PLUS新能源,防城港,11,SUV,15.48,21.88
宋Pro新能源,抚州,11,SUV,14.08,16.58
秦PLUS,定西,11,紧凑型车,11.38,17.88
海豹,德阳,11,中型车,21.28,28.98
海豹,德州,11,中型车,21.28,28.98
汉,池州,11,中大型车,21.78,33.18
汉,常德,11,中大型车,21.78,33.18
唐新能源,巴彦淖尔,11,SUV,20.98,34.28
汉,宝鸡,11,中大型车,21.78,33.18
海豹,亳州,11,中型车,21.28,28.98
秦新能源,包头,11,紧凑型车,12.99,17.48
海豹,蚌埠,11,中型车,21.28,28.98
秦PLUS,安康,11,紧凑型车,11.38,17.88
海豹,安庆,11,中型车,21.28,28.98
秦PLUS,鞍山,11,紧凑型车,11.38,17.88
